timestamp,latitude,longitude,speed,heading,altitude,battery
0,40.42,-3.6884,12.0,0.0,80.0,100.0
1,40.420042,-3.688269,12.0,67.3,80.3,100.0
2,40.420083,-3.688139,12.0,67.3,80.6,99.9
3,40.420125,-3.688008,12.0,67.3,80.8,99.9
4,40.420167,-3.687878,12.0,67.3,81.1,99.8
5,40.420208,-3.687747,12.0,67.3,81.4,99.8
6,40.42025,-3.687616,12.0,67.3,81.7,99.8
7,40.420292,-3.687486,12.0,67.3,81.9,99.7
8,40.420333,-3.687355,12.0,67.3,82.2,99.7
9,40.420375,-3.687225,12.0,67.3,82.5,99.6
10,40.420417,-3.687094,12.0,67.3,82.8,99.6
11,40.420458,-3.686964,12.0,67.3,83.0,99.6
12,40.4205,-3.686833,12.0,67.3,83.3,99.5
13,40.420542,-3.686702,12.0,67.3,83.6,99.5
14,40.420583,-3.686572,12.0,67.3,83.9,99.4
15,40.420625,-3.686441,12.0,67.3,84.1,99.4
16,40.420667,-3.686311,12.0,67.3,84.4,99.4
17,40.420708,-3.68618,12.0,67.3,84.7,99.3
18,40.42075,-3.686049,12.0,67.3,85.0,99.3
19,40.420792,-3.685919,12.0,67.3,85.2,99.2
20,40.420834,-3.685788,12.0,67.3,85.5,99.2
21,40.420875,-3.685658,12.0,67.3,85.8,99.2
22,40.420917,-3.685527,12.0,67.3,86.1,99.1
23,40.420959,-3.685397,12.0,67.3,86.3,99.1
24,40.421,-3.685266,12.0,67.3,86.6,99.0
25,40.421042,-3.685135,12.0,67.3,86.9,99.0
26,40.421084,-3.685005,12.0,67.3,87.1,99.0
27,40.421125,-3.684874,12.0,67.3,87.4,98.9
28,40.421167,-3.684744,12.0,67.3,87.7,98.9
29,40.421209,-3.684613,12.0,67.3,87.9,98.8
30,40.42125,-3.684482,12.0,67.3,88.2,98.8
31,40.421292,-3.684352,12.0,67.3,88.4,98.8
32,40.421334,-3.684221,12.0,67.3,88.7,98.7
33,40.421375,-3.684091,12.0,67.3,89.0,98.7
34,40.421417,-3.68396,12.0,67.3,89.2,98.6
35,40.421459,-3.68383,12.0,67.3,89.5,98.6
36,40.4215,-3.683699,12.0,67.3,89.7,98.6
37,40.421542,-3.683568,12.0,67.3,90.0,98.5
38,40.421584,-3.683438,12.0,67.3,90.2,98.5
39,40.421625,-3.683307,12.0,67.3,90.5,98.4
40,40.421667,-3.683177,12.0,67.3,90.7,98.4
41,40.421709,-3.683046,12.0,67.3,91.0,98.4
42,40.42175,-3.682915,12.0,67.3,91.2,98.3
43,40.421792,-3.682785,12.0,67.3,91.5,98.3
44,40.421834,-3.682654,12.0,67.3,91.7,98.2
45,40.421875,-3.682524,12.0,67.3,92.0,98.2
46,40.421917,-3.682393,12.0,67.3,92.2,98.2
47,40.421959,-3.682263,12.0,67.3,92.5,98.1
48,40.422,-3.682132,12.0,67.3,92.7,98.1
49,40.422042,-3.682001,12.0,67.3,92.9,98.0
50,40.422084,-3.681871,12.0,67.3,93.2,98.0
51,40.422125,-3.68174,12.0,67.3,93.4,98.0
52,40.422167,-3.68161,12.0,67.3,93.7,97.9
53,40.422209,-3.681479,12.0,67.3,93.9,97.9
54,40.42225,-3.681348,12.0,67.3,94.1,97.8
55,40.422292,-3.681218,12.0,67.3,94.3,97.8
56,40.422334,-3.681087,12.0,67.3,94.6,97.8
57,40.422376,-3.680957,12.0,67.3,94.8,97.7
58,40.422417,-3.680826,12.0,67.3,95.0,97.7
59,40.422459,-3.680696,12.0,67.3,95.2,97.6
60,40.422501,-3.680565,12.0,67.3,95.5,97.6
61,40.422542,-3.680434,12.0,67.3,95.7,97.6
62,40.422584,-3.680304,12.0,67.3,95.9,97.5
63,40.422626,-3.680173,12.0,67.3,96.1,97.5
64,40.422667,-3.680043,12.0,67.3,96.3,97.4
65,40.422709,-3.679912,12.0,67.3,96.5,97.4
66,40.422751,-3.679781,12.0,67.3,96.7,97.4
67,40.422792,-3.679651,12.0,67.3,96.9,97.3
68,40.422834,-3.67952,12.0,67.3,97.1,97.3
69,40.422876,-3.67939,12.0,67.3,97.3,97.2
70,40.422917,-3.679259,12.0,67.3,97.5,97.2
71,40.422959,-3.679129,12.0,67.3,97.7,97.2
72,40.422998,-3.679,11.74,68.1,97.9,97.1
73,40.422891,-3.679,12.0,180.0,98.1,97.1
74,40.422783,-3.679,12.0,180.0,98.3,97.0
75,40.422675,-3.679,12.0,180.0,98.5,97.0
76,40.422567,-3.679,12.0,180.0,98.7,97.0
77,40.422459,-3.679,12.0,180.0,98.9,96.9
78,40.422352,-3.679,12.0,180.0,99.1,96.9
79,40.422244,-3.679,12.0,180.0,99.2,96.8
80,40.422136,-3.679,12.0,180.0,99.4,96.8
81,40.422028,-3.679,12.0,180.0,99.6,96.8
82,40.42192,-3.679,12.0,180.0,99.8,96.7
83,40.421813,-3.679,12.0,180.0,99.9,96.7
84,40.421705,-3.679,12.0,180.0,100.1,96.6
85,40.421597,-3.679,12.0,180.0,100.3,96.6
86,40.421489,-3.679,12.0,180.0,100.4,96.6
87,40.421381,-3.679,12.0,180.0,100.6,96.5
88,40.421274,-3.679,12.0,180.0,100.7,96.5
89,40.421166,-3.679,12.0,180.0,100.9,96.4
90,40.421058,-3.679,12.0,180.0,101.0,96.4
91,40.42095,-3.679,12.0,180.0,101.2,96.4
92,40.420842,-3.679,12.0,180.0,101.3,96.3
93,40.420735,-3.679,12.0,180.0,101.5,96.3
94,40.420627,-3.679,12.0,180.0,101.6,96.2
95,40.420519,-3.679,12.0,180.0,101.8,96.2
96,40.420411,-3.679,12.0,180.0,101.9,96.2
97,40.420303,-3.679,12.0,180.0,102.0,96.1
98,40.420196,-3.679,12.0,180.0,102.2,96.1
99,40.420088,-3.679,12.0,180.0,102.3,96.0
100,40.41998,-3.679,12.0,180.0,102.4,96.0
101,40.419872,-3.679,12.0,180.0,102.5,96.0
102,40.419764,-3.679,12.0,180.0,102.6,95.9
103,40.419657,-3.679,12.0,180.0,102.8,95.9
104,40.419549,-3.679,12.0,180.0,102.9,95.8
105,40.419441,-3.679,12.0,180.0,103.0,95.8
106,40.419333,-3.679,12.0,180.0,103.1,95.8
107,40.419225,-3.679,12.0,180.0,103.2,95.7
108,40.419118,-3.679,12.0,180.0,103.3,95.7
109,40.41901,-3.679,12.0,180.0,103.4,95.6
110,40.418902,-3.679,12.0,180.0,103.5,95.6
111,40.418794,-3.679,12.0,180.0,103.6,95.6
112,40.418686,-3.679,12.0,180.0,103.7,95.5
113,40.418579,-3.679,12.0,180.0,103.8,95.5
114,40.418471,-3.679,12.0,180.0,103.9,95.4
115,40.418363,-3.679,12.0,180.0,103.9,95.4
116,40.418255,-3.679,12.0,180.0,104.0,95.4
117,40.418147,-3.679,12.0,180.0,104.1,95.3
118,40.41804,-3.679,12.0,180.0,104.2,95.3
119,40.417932,-3.679,12.0,180.0,104.2,95.2
120,40.417824,-3.679,12.0,180.0,104.3,95.2
121,40.417716,-3.679,12.0,180.0,104.4,95.2
122,40.417608,-3.679,12.0,180.0,104.4,95.1
123,40.417501,-3.679,12.0,180.0,104.5,95.1
124,40.417393,-3.679,12.0,180.0,104.5,95.0
125,40.417285,-3.679,12.0,180.0,104.6,95.0
126,40.417177,-3.679,12.0,180.0,104.6,95.0
127,40.417069,-3.679,12.0,180.0,104.7,94.9
128,40.416962,-3.679,12.0,180.0,104.7,94.9
129,40.416854,-3.679,12.0,180.0,104.8,94.8
130,40.416746,-3.679,12.0,180.0,104.8,94.8
131,40.416638,-3.679,12.0,180.0,104.8,94.8
132,40.41653,-3.679,12.0,180.0,104.9,94.7
133,40.416423,-3.679,12.0,180.0,104.9,94.7
134,40.416315,-3.679,12.0,180.0,104.9,94.6
135,40.416207,-3.679,12.0,180.0,104.9,94.6
136,40.416099,-3.679,12.0,180.0,105.0,94.6
137,40.415991,-3.679,12.0,180.0,105.0,94.5
138,40.415884,-3.679,12.0,180.0,105.0,94.5
139,40.415776,-3.679,12.0,180.0,105.0,94.4
140,40.415668,-3.679,12.0,180.0,105.0,94.4
141,40.41556,-3.679,12.0,180.0,105.0,94.4
142,40.415452,-3.679,12.0,180.0,105.0,94.3
143,40.415345,-3.679,12.0,180.0,105.0,94.3
144,40.415237,-3.679,12.0,180.0,105.0,94.2
145,40.415129,-3.679,12.0,180.0,105.0,94.2
146,40.415021,-3.679,12.0,180.0,105.0,94.2
147,40.414914,-3.679,12.0,180.0,105.0,94.1
148,40.414806,-3.679,12.0,180.0,104.9,94.1
149,40.414698,-3.679,12.0,180.0,104.9,94.0
150,40.41459,-3.679,12.0,180.0,104.9,94.0
151,40.414482,-3.679,12.0,180.0,104.9,94.0
152,40.414375,-3.679,12.0,180.0,104.8,93.9
153,40.414267,-3.679,12.0,180.0,104.8,93.9
154,40.414159,-3.679,12.0,180.0,104.8,93.8
155,40.414051,-3.679,12.0,180.0,104.7,93.8
156,40.413943,-3.679,12.0,180.0,104.7,93.8
157,40.413836,-3.679,12.0,180.0,104.6,93.7
158,40.413728,-3.679,12.0,180.0,104.6,93.7
159,40.41362,-3.679,12.0,180.0,104.5,93.6
160,40.413512,-3.679,12.0,180.0,104.5,93.6
161,40.413404,-3.679,12.0,180.0,104.4,93.6
162,40.413297,-3.679,12.0,180.0,104.3,93.5
163,40.413189,-3.679,12.0,180.0,104.3,93.5
164,40.413081,-3.679,12.0,180.0,104.2,93.4
165,40.412973,-3.679,12.0,180.0,104.1,93.4
166,40.412865,-3.679,12.0,180.0,104.1,93.4
167,40.412758,-3.679,12.0,180.0,104.0,93.3
168,40.41265,-3.679,12.0,180.0,103.9,93.3
169,40.412542,-3.679,12.0,180.0,103.8,93.2
170,40.412434,-3.679,12.0,180.0,103.7,93.2
171,40.412326,-3.679,12.0,180.0,103.7,93.2
172,40.412219,-3.679,12.0,180.0,103.6,93.1
173,40.412111,-3.679,12.0,180.0,103.5,93.1
174,40.412003,-3.679,12.0,180.0,103.4,93.0
175,40.411895,-3.679,12.0,180.0,103.3,93.0
176,40.411787,-3.679,12.0,180.0,103.2,93.0
177,40.41168,-3.679,12.0,180.0,103.1,92.9
178,40.411572,-3.679,12.0,180.0,103.0,92.9
179,40.411464,-3.679,12.0,180.0,102.8,92.8
180,40.411356,-3.679,12.0,180.0,102.7,92.8
181,40.411248,-3.679,12.0,180.0,102.6,92.8
182,40.411141,-3.679,12.0,180.0,102.5,92.7
183,40.411033,-3.679,12.0,180.0,102.4,92.7
184,40.410975,-3.679093,10.18,230.6,102.2,92.6
185,40.410938,-3.679226,12.0,250.3,102.1,92.6
186,40.410902,-3.679359,12.0,250.3,102.0,92.6
187,40.410866,-3.679493,12.0,250.3,101.9,92.5
188,40.410829,-3.679626,12.0,250.3,101.7,92.5
189,40.410793,-3.679759,12.0,250.3,101.6,92.4
190,40.410757,-3.679892,12.0,250.3,101.4,92.4
191,40.41072,-3.680026,12.0,250.3,101.3,92.4
192,40.410684,-3.680159,12.0,250.3,101.1,92.3
193,40.410648,-3.680292,12.0,250.3,101.0,92.3
194,40.410611,-3.680426,12.0,250.3,100.8,92.2
195,40.410575,-3.680559,12.0,250.3,100.7,92.2
196,40.410539,-3.680692,12.0,250.3,100.5,92.2
197,40.410502,-3.680825,12.0,250.3,100.4,92.1
198,40.410466,-3.680959,12.0,250.3,100.2,92.1
199,40.410429,-3.681092,12.0,250.3,100.0,92.0
200,40.410393,-3.681225,12.0,250.3,99.9,92.0
201,40.410357,-3.681359,12.0,250.3,99.7,92.0
202,40.41032,-3.681492,12.0,250.3,99.5,91.9
203,40.410284,-3.681625,12.0,250.3,99.4,91.9
204,40.410248,-3.681758,12.0,250.3,99.2,91.8
205,40.410211,-3.681892,12.0,250.3,99.0,91.8
206,40.410175,-3.682025,12.0,250.3,98.8,91.8
207,40.410139,-3.682158,12.0,250.3,98.6,91.7
208,40.410102,-3.682292,12.0,250.3,98.5,91.7
209,40.410066,-3.682425,12.0,250.3,98.3,91.6
210,40.41003,-3.682558,12.0,250.3,98.1,91.6
211,40.409993,-3.682691,12.0,250.3,97.9,91.6
212,40.409957,-3.682825,12.0,250.3,97.7,91.5
213,40.409921,-3.682958,12.0,250.3,97.5,91.5
214,40.409884,-3.683091,12.0,250.3,97.3,91.4
215,40.409848,-3.683225,12.0,250.3,97.1,91.4
216,40.409812,-3.683358,12.0,250.3,96.9,91.4
217,40.409775,-3.683491,12.0,250.3,96.7,91.3
218,40.409739,-3.683624,12.0,250.3,96.5,91.3
219,40.409702,-3.683758,12.0,250.3,96.3,91.2
220,40.409666,-3.683891,12.0,250.3,96.1,91.2
221,40.40963,-3.684024,12.0,250.3,95.8,91.2
222,40.409593,-3.684157,12.0,250.3,95.6,91.1
223,40.409557,-3.684291,12.0,250.3,95.4,91.1
224,40.409521,-3.684424,12.0,250.3,95.2,91.0
225,40.409484,-3.684557,12.0,250.3,95.0,91.0
226,40.409448,-3.684691,12.0,250.3,94.7,91.0
227,40.409412,-3.684824,12.0,250.3,94.5,90.9
228,40.409375,-3.684957,12.0,250.3,94.3,90.9
229,40.409339,-3.68509,12.0,250.3,94.1,90.8
230,40.409303,-3.685224,12.0,250.3,93.8,90.8
231,40.409266,-3.685357,12.0,250.3,93.6,90.8
232,40.40923,-3.68549,12.0,250.3,93.4,90.7
233,40.409194,-3.685624,12.0,250.3,93.1,90.7
234,40.409157,-3.685757,12.0,250.3,92.9,90.6
235,40.409121,-3.68589,12.0,250.3,92.6,90.6
236,40.409085,-3.686023,12.0,250.3,92.4,90.6
237,40.409048,-3.686157,12.0,250.3,92.2,90.5
238,40.409012,-3.68629,12.0,250.3,91.9,90.5
239,40.408975,-3.686423,12.0,250.3,91.7,90.4
240,40.408939,-3.686557,12.0,250.3,91.4,90.4
241,40.408903,-3.68669,12.0,250.3,91.2,90.4
242,40.408866,-3.686823,12.0,250.3,90.9,90.3
243,40.40883,-3.686956,12.0,250.3,90.7,90.3
244,40.408794,-3.68709,12.0,250.3,90.4,90.2
245,40.408757,-3.687223,12.0,250.3,90.2,90.2
246,40.408721,-3.687356,12.0,250.3,89.9,90.2
247,40.408685,-3.68749,12.0,250.3,89.7,90.1
248,40.408648,-3.687623,12.0,250.3,89.4,90.1
249,40.408612,-3.687756,12.0,250.3,89.2,90.0
250,40.408576,-3.687889,12.0,250.3,88.9,90.0
251,40.408539,-3.688023,12.0,250.3,88.6,90.0
252,40.408503,-3.688156,12.0,250.3,88.4,89.9
253,40.408467,-3.688289,12.0,250.3,88.1,89.9
254,40.40843,-3.688423,12.0,250.3,87.8,89.8
255,40.408394,-3.688556,12.0,250.3,87.6,89.8
256,40.408358,-3.688689,12.0,250.3,87.3,89.8
257,40.408321,-3.688822,12.0,250.3,87.1,89.7
258,40.408285,-3.688956,12.0,250.3,86.8,89.7
259,40.408248,-3.689089,12.0,250.3,86.5,89.6
260,40.408212,-3.689222,12.0,250.3,86.3,89.6
261,40.408176,-3.689356,12.0,250.3,86.0,89.6
262,40.408139,-3.689489,12.0,250.3,85.7,89.5
263,40.408103,-3.689622,12.0,250.3,85.4,89.5
264,40.408067,-3.689755,12.0,250.3,85.2,89.4
265,40.40803,-3.689889,12.0,250.3,84.9,89.4
266,40.408016,-3.690009,10.33,261.3,84.6,89.4
267,40.408115,-3.690065,12.0,336.8,84.4,89.3
268,40.408215,-3.690121,12.0,336.8,84.1,89.3
269,40.408314,-3.690176,12.0,336.8,83.8,89.2
270,40.408413,-3.690232,12.0,336.8,83.5,89.2
271,40.408512,-3.690288,12.0,336.8,83.3,89.2
272,40.408611,-3.690344,12.0,336.8,83.0,89.1
273,40.40871,-3.690399,12.0,336.8,82.7,89.1
274,40.408809,-3.690455,12.0,336.8,82.4,89.0
275,40.408908,-3.690511,12.0,336.8,82.1,89.0
276,40.409007,-3.690567,12.0,336.8,81.9,89.0
277,40.409106,-3.690622,12.0,336.8,81.6,88.9
278,40.409205,-3.690678,12.0,336.8,81.3,88.9
279,40.409305,-3.690734,12.0,336.8,81.0,88.8
280,40.409404,-3.69079,12.0,336.8,80.8,88.8
281,40.409503,-3.690845,12.0,336.8,80.5,88.8
282,40.409602,-3.690901,12.0,336.8,80.2,88.7
283,40.409701,-3.690957,12.0,336.8,79.9,88.7
284,40.4098,-3.691012,12.0,336.8,79.7,88.6
285,40.409899,-3.691068,12.0,336.8,79.4,88.6
286,40.409998,-3.691124,12.0,336.8,79.1,88.6
287,40.410097,-3.69118,12.0,336.8,78.8,88.5
288,40.410196,-3.691235,12.0,336.8,78.5,88.5
289,40.410295,-3.691291,12.0,336.8,78.3,88.4
290,40.410395,-3.691347,12.0,336.8,78.0,88.4
291,40.410494,-3.691403,12.0,336.8,77.7,88.4
292,40.410593,-3.691458,12.0,336.8,77.4,88.3
293,40.410692,-3.691514,12.0,336.8,77.2,88.3
294,40.410791,-3.69157,12.0,336.8,76.9,88.2
295,40.41089,-3.691626,12.0,336.8,76.6,88.2
296,40.410989,-3.691681,12.0,336.8,76.3,88.2
297,40.411088,-3.691737,12.0,336.8,76.1,88.1
298,40.411187,-3.691793,12.0,336.8,75.8,88.1
299,40.411286,-3.691849,12.0,336.8,75.5,88.0
300,40.411385,-3.691904,12.0,336.8,75.2,88.0
301,40.411484,-3.69196,12.0,336.8,75.0,88.0
302,40.411584,-3.692016,12.0,336.8,74.7,87.9
303,40.411683,-3.692072,12.0,336.8,74.4,87.9
304,40.411782,-3.692127,12.0,336.8,74.2,87.8
305,40.411881,-3.692183,12.0,336.8,73.9,87.8
306,40.41198,-3.692239,12.0,336.8,73.6,87.8
307,40.412079,-3.692294,12.0,336.8,73.3,87.7
308,40.412178,-3.69235,12.0,336.8,73.1,87.7
309,40.412277,-3.692406,12.0,336.8,72.8,87.6
310,40.412376,-3.692462,12.0,336.8,72.5,87.6
311,40.412475,-3.692517,12.0,336.8,72.3,87.6
312,40.412574,-3.692573,12.0,336.8,72.0,87.5
313,40.412674,-3.692629,12.0,336.8,71.8,87.5
314,40.412773,-3.692685,12.0,336.8,71.5,87.4
315,40.412872,-3.69274,12.0,336.8,71.2,87.4
316,40.412971,-3.692796,12.0,336.8,71.0,87.4
317,40.41307,-3.692852,12.0,336.8,70.7,87.3
318,40.413169,-3.692908,12.0,336.8,70.5,87.3
319,40.413268,-3.692963,12.0,336.8,70.2,87.2
320,40.413367,-3.693019,12.0,336.8,69.9,87.2
321,40.413466,-3.693075,12.0,336.8,69.7,87.2
322,40.413565,-3.693131,12.0,336.8,69.4,87.1
323,40.413664,-3.693186,12.0,336.8,69.2,87.1
324,40.413764,-3.693242,12.0,336.8,68.9,87.0
325,40.413863,-3.693298,12.0,336.8,68.7,87.0
326,40.413962,-3.693353,12.0,336.8,68.4,87.0
327,40.414061,-3.693409,12.0,336.8,68.2,86.9
328,40.41416,-3.693465,12.0,336.8,68.0,86.9
329,40.414259,-3.693521,12.0,336.8,67.7,86.8
330,40.414358,-3.693576,12.0,336.8,67.5,86.8
331,40.414457,-3.693632,12.0,336.8,67.2,86.8
332,40.414556,-3.693688,12.0,336.8,67.0,86.7
333,40.414655,-3.693744,12.0,336.8,66.8,86.7
334,40.414754,-3.693799,12.0,336.8,66.5,86.6
335,40.414854,-3.693855,12.0,336.8,66.3,86.6
336,40.414953,-3.693911,12.0,336.8,66.1,86.6
337,40.415052,-3.693967,12.0,336.8,65.8,86.5
338,40.415151,-3.694022,12.0,336.8,65.6,86.5
339,40.41525,-3.694078,12.0,336.8,65.4,86.4
340,40.415349,-3.694134,12.0,336.8,65.1,86.4
341,40.415448,-3.69419,12.0,336.8,64.9,86.4
342,40.415547,-3.694245,12.0,336.8,64.7,86.3
343,40.415646,-3.694301,12.0,336.8,64.5,86.3
344,40.415745,-3.694357,12.0,336.8,64.3,86.2
345,40.415844,-3.694413,12.0,336.8,64.1,86.2
346,40.415944,-3.694468,12.0,336.8,63.8,86.2
347,40.416044,-3.694481,11.25,354.4,63.6,86.1
348,40.416147,-3.694438,12.0,17.9,63.4,86.1
349,40.416249,-3.694394,12.0,17.9,63.2,86.0
350,40.416352,-3.694351,12.0,17.9,63.0,86.0
351,40.416454,-3.694307,12.0,17.9,62.8,86.0
352,40.416557,-3.694264,12.0,17.9,62.6,85.9
353,40.41666,-3.69422,12.0,17.9,62.4,85.9
354,40.416762,-3.694177,12.0,17.9,62.2,85.8
355,40.416865,-3.694133,12.0,17.9,62.0,85.8
356,40.416967,-3.69409,12.0,17.9,61.8,85.8
357,40.41707,-3.694046,12.0,17.9,61.6,85.7
358,40.417173,-3.694003,12.0,17.9,61.4,85.7
359,40.417275,-3.693959,12.0,17.9,61.3,85.6
360,40.417378,-3.693916,12.0,17.9,61.1,85.6
361,40.41748,-3.693872,12.0,17.9,60.9,85.6
362,40.417583,-3.693828,12.0,17.9,60.7,85.5
363,40.417685,-3.693785,12.0,17.9,60.5,85.5
364,40.417788,-3.693741,12.0,17.9,60.4,85.4
365,40.417891,-3.693698,12.0,17.9,60.2,85.4
366,40.417993,-3.693654,12.0,17.9,60.0,85.4
367,40.418096,-3.693611,12.0,17.9,59.9,85.3
368,40.418198,-3.693567,12.0,17.9,59.7,85.3
369,40.418301,-3.693524,12.0,17.9,59.5,85.2
370,40.418403,-3.69348,12.0,17.9,59.4,85.2
371,40.418506,-3.693437,12.0,17.9,59.2,85.2
372,40.418609,-3.693393,12.0,17.9,59.1,85.1
373,40.418711,-3.69335,12.0,17.9,58.9,85.1
374,40.418814,-3.693306,12.0,17.9,58.8,85.0
375,40.418916,-3.693263,12.0,17.9,58.6,85.0
376,40.419019,-3.693219,12.0,17.9,58.5,85.0
377,40.419122,-3.693176,12.0,17.9,58.3,84.9
378,40.419224,-3.693132,12.0,17.9,58.2,84.9
379,40.419305,-3.693064,10.74,32.6,58.1,84.8
380,40.419326,-3.692925,12.0,78.9,57.9,84.8
381,40.419347,-3.692786,12.0,78.9,57.8,84.8
382,40.419367,-3.692647,12.0,78.9,57.7,84.7
383,40.419388,-3.692508,12.0,78.9,57.6,84.7
384,40.419409,-3.692369,12.0,78.9,57.4,84.6
385,40.41943,-3.69223,12.0,78.9,57.3,84.6
386,40.41945,-3.692091,12.0,78.9,57.2,84.6
387,40.419471,-3.691952,12.0,78.9,57.1,84.5
388,40.419492,-3.691813,12.0,78.9,57.0,84.5
389,40.419512,-3.691674,12.0,78.9,56.9,84.4
390,40.419533,-3.691535,12.0,78.9,56.8,84.4
391,40.419554,-3.691396,12.0,78.9,56.7,84.4
392,40.419574,-3.691257,12.0,78.9,56.6,84.3
393,40.419595,-3.691118,12.0,78.9,56.5,84.3
394,40.419616,-3.690979,12.0,78.9,56.4,84.2
395,40.419637,-3.69084,12.0,78.9,56.3,84.2
396,40.419657,-3.690702,12.0,78.9,56.2,84.2
397,40.419678,-3.690563,12.0,78.9,56.1,84.1
398,40.419699,-3.690424,12.0,78.9,56.0,84.1
399,40.419719,-3.690285,12.0,78.9,56.0,84.0
400,40.41974,-3.690146,12.0,78.9,55.9,84.0
401,40.419761,-3.690007,12.0,78.9,55.8,84.0
402,40.419781,-3.689868,12.0,78.9,55.8,83.9
403,40.419802,-3.689729,12.0,78.9,55.7,83.9
404,40.419823,-3.68959,12.0,78.9,55.6,83.8
405,40.419843,-3.689451,12.0,78.9,55.6,83.8
406,40.419864,-3.689312,12.0,78.9,55.5,83.8
407,40.419885,-3.689173,12.0,78.9,55.5,83.7
408,40.419906,-3.689034,12.0,78.9,55.4,83.7
409,40.419926,-3.688895,12.0,78.9,55.4,83.6
410,40.419947,-3.688756,12.0,78.9,55.3,83.6
411,40.419968,-3.688617,12.0,78.9,55.3,83.6
412,40.419988,-3.688478,12.0,78.9,55.2,83.5
413,40.420018,-3.688343,11.94,73.8,55.2,83.5
414,40.42006,-3.688212,12.0,67.3,55.2,83.4
415,40.420102,-3.688082,12.0,67.3,55.1,83.4
416,40.420143,-3.687951,12.0,67.3,55.1,83.4
417,40.420185,-3.687821,12.0,67.3,55.1,83.3
418,40.420227,-3.68769,12.0,67.3,55.1,83.3
419,40.420268,-3.687559,12.0,67.3,55.0,83.2
420,40.42031,-3.687429,12.0,67.3,55.0,83.2
421,40.420352,-3.687298,12.0,67.3,55.0,83.2
422,40.420393,-3.687168,12.0,67.3,55.0,83.1
423,40.420435,-3.687037,12.0,67.3,55.0,83.1
424,40.420477,-3.686906,12.0,67.3,55.0,83.0
425,40.420518,-3.686776,12.0,67.3,55.0,83.0
426,40.42056,-3.686645,12.0,67.3,55.0,83.0
427,40.420602,-3.686515,12.0,67.3,55.0,82.9
428,40.420643,-3.686384,12.0,67.3,55.0,82.9
429,40.420685,-3.686254,12.0,67.3,55.0,82.8
430,40.420727,-3.686123,12.0,67.3,55.1,82.8
431,40.420768,-3.685992,12.0,67.3,55.1,82.8
432,40.42081,-3.685862,12.0,67.3,55.1,82.7
433,40.420852,-3.685731,12.0,67.3,55.1,82.7
434,40.420893,-3.685601,12.0,67.3,55.2,82.6
435,40.420935,-3.68547,12.0,67.3,55.2,82.6
436,40.420977,-3.685339,12.0,67.3,55.2,82.6
437,40.421018,-3.685209,12.0,67.3,55.3,82.5
438,40.42106,-3.685078,12.0,67.3,55.3,82.5
439,40.421102,-3.684948,12.0,67.3,55.3,82.4
440,40.421143,-3.684817,12.0,67.3,55.4,82.4
441,40.421185,-3.684687,12.0,67.3,55.4,82.4
442,40.421227,-3.684556,12.0,67.3,55.5,82.3
443,40.421268,-3.684425,12.0,67.3,55.5,82.3
444,40.42131,-3.684295,12.0,67.3,55.6,82.2
445,40.421352,-3.684164,12.0,67.3,55.7,82.2
446,40.421394,-3.684034,12.0,67.3,55.7,82.2
447,40.421435,-3.683903,12.0,67.3,55.8,82.1
448,40.421477,-3.683772,12.0,67.3,55.9,82.1
449,40.421519,-3.683642,12.0,67.3,55.9,82.0
450,40.42156,-3.683511,12.0,67.3,56.0,82.0
451,40.421602,-3.683381,12.0,67.3,56.1,82.0
452,40.421644,-3.68325,12.0,67.3,56.2,81.9
453,40.421685,-3.68312,12.0,67.3,56.3,81.9
454,40.421727,-3.682989,12.0,67.3,56.4,81.8
455,40.421769,-3.682858,12.0,67.3,56.5,81.8
456,40.42181,-3.682728,12.0,67.3,56.6,81.8
457,40.421852,-3.682597,12.0,67.3,56.7,81.7
458,40.421894,-3.682467,12.0,67.3,56.8,81.7
459,40.421935,-3.682336,12.0,67.3,56.9,81.6
460,40.421977,-3.682205,12.0,67.3,57.0,81.6
461,40.422019,-3.682075,12.0,67.3,57.1,81.6
462,40.42206,-3.681944,12.0,67.3,57.2,81.5
463,40.422102,-3.681814,12.0,67.3,57.3,81.5
464,40.422144,-3.681683,12.0,67.3,57.4,81.4
465,40.422185,-3.681553,12.0,67.3,57.5,81.4
466,40.422227,-3.681422,12.0,67.3,57.7,81.4
467,40.422269,-3.681291,12.0,67.3,57.8,81.3
468,40.42231,-3.681161,12.0,67.3,57.9,81.3
469,40.422352,-3.68103,12.0,67.3,58.0,81.2
470,40.422394,-3.6809,12.0,67.3,58.2,81.2
471,40.422435,-3.680769,12.0,67.3,58.3,81.2
472,40.422477,-3.680638,12.0,67.3,58.5,81.1
473,40.422519,-3.680508,12.0,67.3,58.6,81.1
474,40.42256,-3.680377,12.0,67.3,58.7,81.0
475,40.422602,-3.680247,12.0,67.3,58.9,81.0
476,40.422644,-3.680116,12.0,67.3,59.0,81.0
477,40.422685,-3.679986,12.0,67.3,59.2,80.9
478,40.422727,-3.679855,12.0,67.3,59.3,80.9
479,40.422769,-3.679724,12.0,67.3,59.5,80.8
480,40.422811,-3.679594,12.0,67.3,59.7,80.8
481,40.422852,-3.679463,12.0,67.3,59.8,80.8
482,40.422894,-3.679333,12.0,67.3,60.0,80.7
483,40.422936,-3.679202,12.0,67.3,60.2,80.7
484,40.422977,-3.679071,12.0,67.3,60.3,80.6
485,40.422951,-3.679,6.71,115.6,60.5,80.6
486,40.422843,-3.679,12.0,180.0,60.7,80.6
487,40.422736,-3.679,12.0,180.0,60.9,80.5
488,40.422628,-3.679,12.0,180.0,61.0,80.5
489,40.42252,-3.679,12.0,180.0,61.2,80.4
490,40.422412,-3.679,12.0,180.0,61.4,80.4
491,40.422304,-3.679,12.0,180.0,61.6,80.4
492,40.422197,-3.679,12.0,180.0,61.8,80.3
493,40.422089,-3.679,12.0,180.0,62.0,80.3
494,40.421981,-3.679,12.0,180.0,62.2,80.2
495,40.421873,-3.679,12.0,180.0,62.4,80.2
496,40.421765,-3.679,12.0,180.0,62.6,80.2
497,40.421658,-3.679,12.0,180.0,62.8,80.1
498,40.42155,-3.679,12.0,180.0,63.0,80.1
499,40.421442,-3.679,12.0,180.0,63.2,80.0
500,40.421334,-3.679,12.0,180.0,63.4,80.0
501,40.421226,-3.679,12.0,180.0,63.6,80.0
502,40.421119,-3.679,12.0,180.0,63.8,79.9
503,40.421011,-3.679,12.0,180.0,64.0,79.9
504,40.420903,-3.679,12.0,180.0,64.2,79.8
505,40.420795,-3.679,12.0,180.0,64.4,79.8
506,40.420687,-3.679,12.0,180.0,64.7,79.8
507,40.42058,-3.679,12.0,180.0,64.9,79.7
508,40.420472,-3.679,12.0,180.0,65.1,79.7
509,40.420364,-3.679,12.0,180.0,65.3,79.6
510,40.420256,-3.679,12.0,180.0,65.5,79.6
511,40.420148,-3.679,12.0,180.0,65.8,79.6
512,40.420041,-3.679,12.0,180.0,66.0,79.5
513,40.419933,-3.679,12.0,180.0,66.2,79.5
514,40.419825,-3.679,12.0,180.0,66.5,79.4
515,40.419717,-3.679,12.0,180.0,66.7,79.4
516,40.419609,-3.679,12.0,180.0,66.9,79.4
517,40.419502,-3.679,12.0,180.0,67.2,79.3
518,40.419394,-3.679,12.0,180.0,67.4,79.3
519,40.419286,-3.679,12.0,180.0,67.7,79.2
520,40.419178,-3.679,12.0,180.0,67.9,79.2
521,40.41907,-3.679,12.0,180.0,68.1,79.2
522,40.418963,-3.679,12.0,180.0,68.4,79.1
523,40.418855,-3.679,12.0,180.0,68.6,79.1
524,40.418747,-3.679,12.0,180.0,68.9,79.0
525,40.418639,-3.679,12.0,180.0,69.1,79.0
526,40.418531,-3.679,12.0,180.0,69.4,79.0
527,40.418424,-3.679,12.0,180.0,69.6,78.9
528,40.418316,-3.679,12.0,180.0,69.9,78.9
529,40.418208,-3.679,12.0,180.0,70.1,78.8
530,40.4181,-3.679,12.0,180.0,70.4,78.8
531,40.417992,-3.679,12.0,180.0,70.7,78.8
532,40.417885,-3.679,12.0,180.0,70.9,78.7
533,40.417777,-3.679,12.0,180.0,71.2,78.7
534,40.417669,-3.679,12.0,180.0,71.4,78.6
535,40.417561,-3.679,12.0,180.0,71.7,78.6
536,40.417454,-3.679,12.0,180.0,72.0,78.6
537,40.417346,-3.679,12.0,180.0,72.2,78.5
538,40.417238,-3.679,12.0,180.0,72.5,78.5
539,40.41713,-3.679,12.0,180.0,72.7,78.4
540,40.417022,-3.679,12.0,180.0,73.0,78.4
541,40.416915,-3.679,12.0,180.0,73.3,78.4
542,40.416807,-3.679,12.0,180.0,73.5,78.3
543,40.416699,-3.679,12.0,180.0,73.8,78.3
544,40.416591,-3.679,12.0,180.0,74.1,78.2
545,40.416483,-3.679,12.0,180.0,74.4,78.2
546,40.416376,-3.679,12.0,180.0,74.6,78.2
547,40.416268,-3.679,12.0,180.0,74.9,78.1
548,40.41616,-3.679,12.0,180.0,75.2,78.1
549,40.416052,-3.679,12.0,180.0,75.4,78.0
550,40.415944,-3.679,12.0,180.0,75.7,78.0
551,40.415837,-3.679,12.0,180.0,76.0,78.0
552,40.415729,-3.679,12.0,180.0,76.3,77.9
553,40.415621,-3.679,12.0,180.0,76.5,77.9
554,40.415513,-3.679,12.0,180.0,76.8,77.8
555,40.415405,-3.679,12.0,180.0,77.1,77.8
556,40.415298,-3.679,12.0,180.0,77.4,77.8
557,40.41519,-3.679,12.0,180.0,77.6,77.7
558,40.415082,-3.679,12.0,180.0,77.9,77.7
559,40.414974,-3.679,12.0,180.0,78.2,77.6
560,40.414866,-3.679,12.0,180.0,78.5,77.6
561,40.414759,-3.679,12.0,180.0,78.8,77.6
562,40.414651,-3.679,12.0,180.0,79.0,77.5
563,40.414543,-3.679,12.0,180.0,79.3,77.5
564,40.414435,-3.679,12.0,180.0,79.6,77.4
565,40.414327,-3.679,12.0,180.0,79.9,77.4
566,40.41422,-3.679,12.0,180.0,80.1,77.4
567,40.414112,-3.679,12.0,180.0,80.4,77.3
568,40.414004,-3.679,12.0,180.0,80.7,77.3
569,40.413896,-3.679,12.0,180.0,81.0,77.2
570,40.413788,-3.679,12.0,180.0,81.3,77.2
571,40.413681,-3.679,12.0,180.0,81.5,77.2
572,40.413573,-3.679,12.0,180.0,81.8,77.1
573,40.413465,-3.679,12.0,180.0,82.1,77.1
574,40.413357,-3.679,12.0,180.0,82.4,77.0
575,40.413249,-3.679,12.0,180.0,82.6,77.0
576,40.413142,-3.679,12.0,180.0,82.9,77.0
577,40.413034,-3.679,12.0,180.0,83.2,76.9
578,40.412926,-3.679,12.0,180.0,83.5,76.9
579,40.412818,-3.679,12.0,180.0,83.7,76.8
580,40.41271,-3.679,12.0,180.0,84.0,76.8
581,40.412603,-3.679,12.0,180.0,84.3,76.8
582,40.412495,-3.679,12.0,180.0,84.6,76.7
583,40.412387,-3.679,12.0,180.0,84.8,76.7
584,40.412279,-3.679,12.0,180.0,85.1,76.6
585,40.412171,-3.679,12.0,180.0,85.4,76.6
586,40.412064,-3.679,12.0,180.0,85.6,76.6
587,40.411956,-3.679,12.0,180.0,85.9,76.5
588,40.411848,-3.679,12.0,180.0,86.2,76.5
589,40.41174,-3.679,12.0,180.0,86.5,76.4
590,40.411632,-3.679,12.0,180.0,86.7,76.4
591,40.411525,-3.679,12.0,180.0,87.0,76.4
592,40.411417,-3.679,12.0,180.0,87.3,76.3
593,40.411309,-3.679,12.0,180.0,87.5,76.3
594,40.411201,-3.679,12.0,180.0,87.8,76.2
595,40.411093,-3.679,12.0,180.0,88.1,76.2
596,40.410995,-3.679018,11.04,187.8,88.3,76.2
597,40.410959,-3.679151,12.0,250.3,88.6,76.1
598,40.410922,-3.679284,12.0,250.3,88.8,76.1
599,40.410886,-3.679418,12.0,250.3,89.1,76.0
600,40.41085,-3.679551,12.0,250.3,89.4,76.0
601,40.410813,-3.679684,12.0,250.3,89.6,76.0
602,40.410777,-3.679817,12.0,250.3,89.9,75.9
603,40.410741,-3.679951,12.0,250.3,90.1,75.9
604,40.410704,-3.680084,12.0,250.3,90.4,75.8
605,40.410668,-3.680217,12.0,250.3,90.6,75.8
606,40.410632,-3.680351,12.0,250.3,90.9,75.8
607,40.410595,-3.680484,12.0,250.3,91.1,75.7
608,40.410559,-3.680617,12.0,250.3,91.4,75.7
609,40.410523,-3.68075,12.0,250.3,91.6,75.6
610,40.410486,-3.680884,12.0,250.3,91.9,75.6
611,40.41045,-3.681017,12.0,250.3,92.1,75.6
612,40.410414,-3.68115,12.0,250.3,92.4,75.5
613,40.410377,-3.681284,12.0,250.3,92.6,75.5
614,40.410341,-3.681417,12.0,250.3,92.8,75.4
615,40.410305,-3.68155,12.0,250.3,93.1,75.4
616,40.410268,-3.681683,12.0,250.3,93.3,75.4
617,40.410232,-3.681817,12.0,250.3,93.5,75.3
618,40.410195,-3.68195,12.0,250.3,93.8,75.3
619,40.410159,-3.682083,12.0,250.3,94.0,75.2
620,40.410123,-3.682217,12.0,250.3,94.2,75.2
621,40.410086,-3.68235,12.0,250.3,94.5,75.2
622,40.41005,-3.682483,12.0,250.3,94.7,75.1
623,40.410014,-3.682616,12.0,250.3,94.9,75.1
624,40.409977,-3.68275,12.0,250.3,95.1,75.0
625,40.409941,-3.682883,12.0,250.3,95.4,75.0
626,40.409905,-3.683016,12.0,250.3,95.6,75.0
627,40.409868,-3.68315,12.0,250.3,95.8,74.9
628,40.409832,-3.683283,12.0,250.3,96.0,74.9
629,40.409796,-3.683416,12.0,250.3,96.2,74.8
630,40.409759,-3.683549,12.0,250.3,96.4,74.8
631,40.409723,-3.683683,12.0,250.3,96.6,74.8
632,40.409687,-3.683816,12.0,250.3,96.8,74.7
633,40.40965,-3.683949,12.0,250.3,97.0,74.7
634,40.409614,-3.684082,12.0,250.3,97.2,74.6
635,40.409578,-3.684216,12.0,250.3,97.4,74.6
636,40.409541,-3.684349,12.0,250.3,97.6,74.6
637,40.409505,-3.684482,12.0,250.3,97.8,74.5
638,40.409468,-3.684616,12.0,250.3,98.0,74.5
639,40.409432,-3.684749,12.0,250.3,98.2,74.4
640,40.409396,-3.684882,12.0,250.3,98.4,74.4
641,40.409359,-3.685015,12.0,250.3,98.6,74.4
642,40.409323,-3.685149,12.0,250.3,98.8,74.3
643,40.409287,-3.685282,12.0,250.3,99.0,74.3
644,40.40925,-3.685415,12.0,250.3,99.1,74.2
645,40.409214,-3.685549,12.0,250.3,99.3,74.2
646,40.409178,-3.685682,12.0,250.3,99.5,74.2
647,40.409141,-3.685815,12.0,250.3,99.7,74.1
648,40.409105,-3.685948,12.0,250.3,99.8,74.1
649,40.409069,-3.686082,12.0,250.3,100.0,74.0
650,40.409032,-3.686215,12.0,250.3,100.2,74.0
651,40.408996,-3.686348,12.0,250.3,100.3,74.0
652,40.40896,-3.686482,12.0,250.3,100.5,73.9
653,40.408923,-3.686615,12.0,250.3,100.7,73.9
654,40.408887,-3.686748,12.0,250.3,100.8,73.8
655,40.408851,-3.686881,12.0,250.3,101.0,73.8
656,40.408814,-3.687015,12.0,250.3,101.1,73.8
657,40.408778,-3.687148,12.0,250.3,101.3,73.7
658,40.408741,-3.687281,12.0,250.3,101.4,73.7
659,40.408705,-3.687415,12.0,250.3,101.5,73.6
660,40.408669,-3.687548,12.0,250.3,101.7,73.6
661,40.408632,-3.687681,12.0,250.3,101.8,73.6
662,40.408596,-3.687814,12.0,250.3,102.0,73.5
663,40.40856,-3.687948,12.0,250.3,102.1,73.5
664,40.408523,-3.688081,12.0,250.3,102.2,73.4
665,40.408487,-3.688214,12.0,250.3,102.3,73.4
666,40.408451,-3.688348,12.0,250.3,102.5,73.4
667,40.408414,-3.688481,12.0,250.3,102.6,73.3
668,40.408378,-3.688614,12.0,250.3,102.7,73.3
669,40.408342,-3.688747,12.0,250.3,102.8,73.2
670,40.408305,-3.688881,12.0,250.3,102.9,73.2
671,40.408269,-3.689014,12.0,250.3,103.0,73.2
672,40.408233,-3.689147,12.0,250.3,103.1,73.1
673,40.408196,-3.689281,12.0,250.3,103.3,73.1
674,40.40816,-3.689414,12.0,250.3,103.4,73.0
675,40.408124,-3.689547,12.0,250.3,103.4,73.0
676,40.408087,-3.68968,12.0,250.3,103.5,73.0
677,40.408051,-3.689814,12.0,250.3,103.6,72.9
678,40.408014,-3.689947,12.0,250.3,103.7,72.9
679,40.40806,-3.690034,8.9,304.4,103.8,72.8
680,40.408159,-3.690089,12.0,336.8,103.9,72.8
681,40.408258,-3.690145,12.0,336.8,104.0,72.8
682,40.408357,-3.690201,12.0,336.8,104.1,72.7
683,40.408456,-3.690257,12.0,336.8,104.1,72.7
684,40.408555,-3.690312,12.0,336.8,104.2,72.6
685,40.408654,-3.690368,12.0,336.8,104.3,72.6
686,40.408753,-3.690424,12.0,336.8,104.3,72.6
687,40.408852,-3.690479,12.0,336.8,104.4,72.5
688,40.408951,-3.690535,12.0,336.8,104.5,72.5
689,40.409051,-3.690591,12.0,336.8,104.5,72.4
690,40.40915,-3.690647,12.0,336.8,104.6,72.4
691,40.409249,-3.690702,12.0,336.8,104.6,72.4
692,40.409348,-3.690758,12.0,336.8,104.7,72.3
693,40.409447,-3.690814,12.0,336.8,104.7,72.3
694,40.409546,-3.69087,12.0,336.8,104.7,72.2
695,40.409645,-3.690925,12.0,336.8,104.8,72.2
696,40.409744,-3.690981,12.0,336.8,104.8,72.2
697,40.409843,-3.691037,12.0,336.8,104.9,72.1
698,40.409942,-3.691093,12.0,336.8,104.9,72.1
699,40.410041,-3.691148,12.0,336.8,104.9,72.0
700,40.410141,-3.691204,12.0,336.8,104.9,72.0
701,40.41024,-3.69126,12.0,336.8,104.9,72.0
702,40.410339,-3.691316,12.0,336.8,105.0,71.9
703,40.410438,-3.691371,12.0,336.8,105.0,71.9
704,40.410537,-3.691427,12.0,336.8,105.0,71.8
705,40.410636,-3.691483,12.0,336.8,105.0,71.8
706,40.410735,-3.691538,12.0,336.8,105.0,71.8
707,40.410834,-3.691594,12.0,336.8,105.0,71.7
708,40.410933,-3.69165,12.0,336.8,105.0,71.7
709,40.411032,-3.691706,12.0,336.8,105.0,71.6
710,40.411131,-3.691761,12.0,336.8,105.0,71.6
711,40.411231,-3.691817,12.0,336.8,105.0,71.6
712,40.41133,-3.691873,12.0,336.8,105.0,71.5
713,40.411429,-3.691929,12.0,336.8,104.9,71.5
714,40.411528,-3.691984,12.0,336.8,104.9,71.4
715,40.411627,-3.69204,12.0,336.8,104.9,71.4
716,40.411726,-3.692096,12.0,336.8,104.9,71.4
717,40.411825,-3.692152,12.0,336.8,104.8,71.3
718,40.411924,-3.692207,12.0,336.8,104.8,71.3
719,40.412023,-3.692263,12.0,336.8,104.8,71.2
720,40.412122,-3.692319,12.0,336.8,104.7,71.2
721,40.412221,-3.692375,12.0,336.8,104.7,71.2
722,40.412321,-3.69243,12.0,336.8,104.6,71.1
723,40.41242,-3.692486,12.0,336.8,104.6,71.1
724,40.412519,-3.692542,12.0,336.8,104.5,71.0
725,40.412618,-3.692598,12.0,336.8,104.5,71.0
726,40.412717,-3.692653,12.0,336.8,104.4,71.0
727,40.412816,-3.692709,12.0,336.8,104.4,70.9
728,40.412915,-3.692765,12.0,336.8,104.3,70.9
729,40.413014,-3.69282,12.0,336.8,104.2,70.8
730,40.413113,-3.692876,12.0,336.8,104.2,70.8
731,40.413212,-3.692932,12.0,336.8,104.1,70.8
732,40.413311,-3.692988,12.0,336.8,104.0,70.7
733,40.413411,-3.693043,12.0,336.8,104.0,70.7
734,40.41351,-3.693099,12.0,336.8,103.9,70.6
735,40.413609,-3.693155,12.0,336.8,103.8,70.6
736,40.413708,-3.693211,12.0,336.8,103.7,70.6
737,40.413807,-3.693266,12.0,336.8,103.6,70.5
738,40.413906,-3.693322,12.0,336.8,103.5,70.5
739,40.414005,-3.693378,12.0,336.8,103.4,70.4
740,40.414104,-3.693434,12.0,336.8,103.3,70.4
741,40.414203,-3.693489,12.0,336.8,103.2,70.4
742,40.414302,-3.693545,12.0,336.8,103.1,70.3
743,40.414401,-3.693601,12.0,336.8,103.0,70.3
744,40.414501,-3.693657,12.0,336.8,102.9,70.2
745,40.4146,-3.693712,12.0,336.8,102.8,70.2
746,40.414699,-3.693768,12.0,336.8,102.7,70.2
747,40.414798,-3.693824,12.0,336.8,102.6,70.1
748,40.414897,-3.69388,12.0,336.8,102.4,70.1
749,40.414996,-3.693935,12.0,336.8,102.3,70.0
750,40.415095,-3.693991,12.0,336.8,102.2,70.0
751,40.415194,-3.694047,12.0,336.8,102.1,70.0
752,40.415293,-3.694102,12.0,336.8,101.9,69.9
753,40.415392,-3.694158,12.0,336.8,101.8,69.9
754,40.415491,-3.694214,12.0,336.8,101.6,69.8
755,40.415591,-3.69427,12.0,336.8,101.5,69.8
756,40.41569,-3.694325,12.0,336.8,101.4,69.8
757,40.415789,-3.694381,12.0,336.8,101.2,69.7
758,40.415888,-3.694437,12.0,336.8,101.1,69.7
759,40.415987,-3.694493,12.0,336.8,100.9,69.6
760,40.416089,-3.694462,11.66,12.8,100.8,69.6
761,40.416192,-3.694419,12.0,17.9,100.6,69.6
762,40.416294,-3.694375,12.0,17.9,100.5,69.5
763,40.416397,-3.694332,12.0,17.9,100.3,69.5
764,40.416499,-3.694288,12.0,17.9,100.1,69.4
765,40.416602,-3.694245,12.0,17.9,100.0,69.4
766,40.416704,-3.694201,12.0,17.9,99.8,69.4
767,40.416807,-3.694158,12.0,17.9,99.6,69.3
768,40.41691,-3.694114,12.0,17.9,99.4,69.3
769,40.417012,-3.694071,12.0,17.9,99.3,69.2
770,40.417115,-3.694027,12.0,17.9,99.1,69.2
771,40.417217,-3.693984,12.0,17.9,98.9,69.2
772,40.41732,-3.69394,12.0,17.9,98.7,69.1
773,40.417423,-3.693896,12.0,17.9,98.5,69.1
774,40.417525,-3.693853,12.0,17.9,98.4,69.0
775,40.417628,-3.693809,12.0,17.9,98.2,69.0
776,40.41773,-3.693766,12.0,17.9,98.0,69.0
777,40.417833,-3.693722,12.0,17.9,97.8,68.9
778,40.417935,-3.693679,12.0,17.9,97.6,68.9
779,40.418038,-3.693635,12.0,17.9,97.4,68.8
780,40.418141,-3.693592,12.0,17.9,97.2,68.8
781,40.418243,-3.693548,12.0,17.9,97.0,68.8
782,40.418346,-3.693505,12.0,17.9,96.8,68.7
783,40.418448,-3.693461,12.0,17.9,96.6,68.7
784,40.418551,-3.693418,12.0,17.9,96.4,68.6
785,40.418653,-3.693374,12.0,17.9,96.2,68.6
786,40.418756,-3.693331,12.0,17.9,95.9,68.6
787,40.418859,-3.693287,12.0,17.9,95.7,68.5
788,40.418961,-3.693244,12.0,17.9,95.5,68.5
789,40.419064,-3.6932,12.0,17.9,95.3,68.4
790,40.419166,-3.693157,12.0,17.9,95.1,68.4
791,40.419269,-3.693113,12.0,17.9,94.8,68.4
792,40.419314,-3.693003,10.61,61.5,94.6,68.3
793,40.419335,-3.692864,12.0,78.9,94.4,68.3
794,40.419356,-3.692725,12.0,78.9,94.2,68.2
795,40.419377,-3.692586,12.0,78.9,93.9,68.2
796,40.419397,-3.692447,12.0,78.9,93.7,68.2
797,40.419418,-3.692308,12.0,78.9,93.5,68.1
798,40.419439,-3.692169,12.0,78.9,93.2,68.1
799,40.419459,-3.69203,12.0,78.9,93.0,68.0
800,40.41948,-3.691891,12.0,78.9,92.8,68.0
801,40.419501,-3.691752,12.0,78.9,92.5,68.0
802,40.419521,-3.691613,12.0,78.9,92.3,67.9
803,40.419542,-3.691475,12.0,78.9,92.0,67.9
804,40.419563,-3.691336,12.0,78.9,91.8,67.8
805,40.419583,-3.691197,12.0,78.9,91.6,67.8
806,40.419604,-3.691058,12.0,78.9,91.3,67.8
807,40.419625,-3.690919,12.0,78.9,91.1,67.7
808,40.419646,-3.69078,12.0,78.9,90.8,67.7
809,40.419666,-3.690641,12.0,78.9,90.6,67.6
810,40.419687,-3.690502,12.0,78.9,90.3,67.6
811,40.419708,-3.690363,12.0,78.9,90.0,67.6
812,40.419728,-3.690224,12.0,78.9,89.8,67.5
813,40.419749,-3.690085,12.0,78.9,89.5,67.5
814,40.41977,-3.689946,12.0,78.9,89.3,67.4
815,40.41979,-3.689807,12.0,78.9,89.0,67.4
816,40.419811,-3.689668,12.0,78.9,88.8,67.4
817,40.419832,-3.689529,12.0,78.9,88.5,67.3
818,40.419853,-3.68939,12.0,78.9,88.2,67.3
819,40.419873,-3.689251,12.0,78.9,88.0,67.2
820,40.419894,-3.689112,12.0,78.9,87.7,67.2
821,40.419915,-3.688973,12.0,78.9,87.4,67.2
822,40.419935,-3.688834,12.0,78.9,87.2,67.1
823,40.419956,-3.688695,12.0,78.9,86.9,67.1
824,40.419977,-3.688556,12.0,78.9,86.6,67.0
825,40.419997,-3.688417,12.0,78.9,86.4,67.0
826,40.420036,-3.688286,11.97,68.7,86.1,67.0
827,40.420078,-3.688155,12.0,67.3,85.8,66.9
828,40.42012,-3.688025,12.0,67.3,85.6,66.9
829,40.420161,-3.687894,12.0,67.3,85.3,66.8
830,40.420203,-3.687763,12.0,67.3,85.0,66.8
831,40.420245,-3.687633,12.0,67.3,84.8,66.8
832,40.420287,-3.687502,12.0,67.3,84.5,66.7
833,40.420328,-3.687372,12.0,67.3,84.2,66.7
834,40.42037,-3.687241,12.0,67.3,83.9,66.6
835,40.420412,-3.687111,12.0,67.3,83.7,66.6
836,40.420453,-3.68698,12.0,67.3,83.4,66.6
837,40.420495,-3.686849,12.0,67.3,83.1,66.5
838,40.420537,-3.686719,12.0,67.3,82.8,66.5
839,40.420578,-3.686588,12.0,67.3,82.6,66.4
840,40.42062,-3.686458,12.0,67.3,82.3,66.4
841,40.420662,-3.686327,12.0,67.3,82.0,66.4
842,40.420703,-3.686196,12.0,67.3,81.7,66.3
843,40.420745,-3.686066,12.0,67.3,81.5,66.3
844,40.420787,-3.685935,12.0,67.3,81.2,66.2
845,40.420828,-3.685805,12.0,67.3,80.9,66.2
846,40.42087,-3.685674,12.0,67.3,80.6,66.2
847,40.420912,-3.685544,12.0,67.3,80.3,66.1
848,40.420953,-3.685413,12.0,67.3,80.1,66.1
849,40.420995,-3.685282,12.0,67.3,79.8,66.0
850,40.421037,-3.685152,12.0,67.3,79.5,66.0
851,40.421078,-3.685021,12.0,67.3,79.2,66.0
852,40.42112,-3.684891,12.0,67.3,79.0,65.9
853,40.421162,-3.68476,12.0,67.3,78.7,65.9
854,40.421203,-3.684629,12.0,67.3,78.4,65.8
855,40.421245,-3.684499,12.0,67.3,78.1,65.8
856,40.421287,-3.684368,12.0,67.3,77.8,65.8
857,40.421328,-3.684238,12.0,67.3,77.6,65.7
858,40.42137,-3.684107,12.0,67.3,77.3,65.7
859,40.421412,-3.683977,12.0,67.3,77.0,65.6
860,40.421453,-3.683846,12.0,67.3,76.7,65.6
861,40.421495,-3.683715,12.0,67.3,76.5,65.6
862,40.421537,-3.683585,12.0,67.3,76.2,65.5
863,40.421578,-3.683454,12.0,67.3,75.9,65.5
864,40.42162,-3.683324,12.0,67.3,75.6,65.4
865,40.421662,-3.683193,12.0,67.3,75.4,65.4
866,40.421703,-3.683062,12.0,67.3,75.1,65.4
867,40.421745,-3.682932,12.0,67.3,74.8,65.3
868,40.421787,-3.682801,12.0,67.3,74.6,65.3
869,40.421829,-3.682671,12.0,67.3,74.3,65.2
870,40.42187,-3.68254,12.0,67.3,74.0,65.2
871,40.421912,-3.68241,12.0,67.3,73.7,65.2
872,40.421954,-3.682279,12.0,67.3,73.5,65.1
873,40.421995,-3.682148,12.0,67.3,73.2,65.1
874,40.422037,-3.682018,12.0,67.3,72.9,65.0
875,40.422079,-3.681887,12.0,67.3,72.7,65.0
876,40.42212,-3.681757,12.0,67.3,72.4,65.0
877,40.422162,-3.681626,12.0,67.3,72.1,64.9
878,40.422204,-3.681495,12.0,67.3,71.9,64.9
879,40.422245,-3.681365,12.0,67.3,71.6,64.8
880,40.422287,-3.681234,12.0,67.3,71.4,64.8
881,40.422329,-3.681104,12.0,67.3,71.1,64.8
882,40.42237,-3.680973,12.0,67.3,70.8,64.7
883,40.422412,-3.680843,12.0,67.3,70.6,64.7
884,40.422454,-3.680712,12.0,67.3,70.3,64.6
885,40.422495,-3.680581,12.0,67.3,70.1,64.6
886,40.422537,-3.680451,12.0,67.3,69.8,64.6
887,40.422579,-3.68032,12.0,67.3,69.6,64.5
888,40.42262,-3.68019,12.0,67.3,69.3,64.5
889,40.422662,-3.680059,12.0,67.3,69.1,64.4
890,40.422704,-3.679928,12.0,67.3,68.8,64.4
891,40.422745,-3.679798,12.0,67.3,68.6,64.4
892,40.422787,-3.679667,12.0,67.3,68.3,64.3
893,40.422829,-3.679537,12.0,67.3,68.1,64.3
894,40.42287,-3.679406,12.0,67.3,67.8,64.2
895,40.422912,-3.679275,12.0,67.3,67.6,64.2
896,40.422954,-3.679145,12.0,67.3,67.3,64.2
897,40.422995,-3.679014,12.0,67.3,67.1,64.1
898,40.422904,-3.679,10.25,173.2,66.9,64.1
899,40.422796,-3.679,12.0,180.0,66.6,64.0
900,40.422688,-3.679,12.0,180.0,66.4,64.0
901,40.422581,-3.679,12.0,180.0,66.2,64.0
902,40.422473,-3.679,12.0,180.0,65.9,63.9
903,40.422365,-3.679,12.0,180.0,65.7,63.9
904,40.422257,-3.679,12.0,180.0,65.5,63.8
905,40.422149,-3.679,12.0,180.0,65.3,63.8
906,40.422042,-3.679,12.0,180.0,65.0,63.8
907,40.421934,-3.679,12.0,180.0,64.8,63.7
908,40.421826,-3.679,12.0,180.0,64.6,63.7
909,40.421718,-3.679,12.0,180.0,64.4,63.6
910,40.42161,-3.679,12.0,180.0,64.2,63.6
911,40.421503,-3.679,12.0,180.0,63.9,63.6
912,40.421395,-3.679,12.0,180.0,63.7,63.5
913,40.421287,-3.679,12.0,180.0,63.5,63.5
914,40.421179,-3.679,12.0,180.0,63.3,63.4
915,40.421071,-3.679,12.0,180.0,63.1,63.4
916,40.420964,-3.679,12.0,180.0,62.9,63.4
917,40.420856,-3.679,12.0,180.0,62.7,63.3
918,40.420748,-3.679,12.0,180.0,62.5,63.3
919,40.42064,-3.679,12.0,180.0,62.3,63.2
920,40.420532,-3.679,12.0,180.0,62.1,63.2
921,40.420425,-3.679,12.0,180.0,61.9,63.2
922,40.420317,-3.679,12.0,180.0,61.7,63.1
923,40.420209,-3.679,12.0,180.0,61.5,63.1
924,40.420101,-3.679,12.0,180.0,61.4,63.0
925,40.419994,-3.679,12.0,180.0,61.2,63.0
926,40.419886,-3.679,12.0,180.0,61.0,63.0
927,40.419778,-3.679,12.0,180.0,60.8,62.9
928,40.41967,-3.679,12.0,180.0,60.6,62.9
929,40.419562,-3.679,12.0,180.0,60.5,62.8
930,40.419455,-3.679,12.0,180.0,60.3,62.8
931,40.419347,-3.679,12.0,180.0,60.1,62.8
932,40.419239,-3.679,12.0,180.0,59.9,62.7
933,40.419131,-3.679,12.0,180.0,59.8,62.7
934,40.419023,-3.679,12.0,180.0,59.6,62.6
935,40.418916,-3.679,12.0,180.0,59.5,62.6
936,40.418808,-3.679,12.0,180.0,59.3,62.6
937,40.4187,-3.679,12.0,180.0,59.1,62.5
938,40.418592,-3.679,12.0,180.0,59.0,62.5
939,40.418484,-3.679,12.0,180.0,58.8,62.4
940,40.418377,-3.679,12.0,180.0,58.7,62.4
941,40.418269,-3.679,12.0,180.0,58.6,62.4
942,40.418161,-3.679,12.0,180.0,58.4,62.3
943,40.418053,-3.679,12.0,180.0,58.3,62.3
944,40.417945,-3.679,12.0,180.0,58.1,62.2
945,40.417838,-3.679,12.0,180.0,58.0,62.2
946,40.41773,-3.679,12.0,180.0,57.9,62.2
947,40.417622,-3.679,12.0,180.0,57.7,62.1
948,40.417514,-3.679,12.0,180.0,57.6,62.1
949,40.417406,-3.679,12.0,180.0,57.5,62.0
950,40.417299,-3.679,12.0,180.0,57.4,62.0
951,40.417191,-3.679,12.0,180.0,57.3,62.0
952,40.417083,-3.679,12.0,180.0,57.2,61.9
953,40.416975,-3.679,12.0,180.0,57.0,61.9
954,40.416867,-3.679,12.0,180.0,56.9,61.8
955,40.41676,-3.679,12.0,180.0,56.8,61.8
956,40.416652,-3.679,12.0,180.0,56.7,61.8
957,40.416544,-3.679,12.0,180.0,56.6,61.7
958,40.416436,-3.679,12.0,180.0,56.5,61.7
959,40.416328,-3.679,12.0,180.0,56.4,61.6
960,40.416221,-3.679,12.0,180.0,56.3,61.6
961,40.416113,-3.679,12.0,180.0,56.3,61.6
962,40.416005,-3.679,12.0,180.0,56.2,61.5
963,40.415897,-3.679,12.0,180.0,56.1,61.5
964,40.415789,-3.679,12.0,180.0,56.0,61.4
965,40.415682,-3.679,12.0,180.0,55.9,61.4
966,40.415574,-3.679,12.0,180.0,55.9,61.4
967,40.415466,-3.679,12.0,180.0,55.8,61.3
968,40.415358,-3.679,12.0,180.0,55.7,61.3
969,40.41525,-3.679,12.0,180.0,55.7,61.2
970,40.415143,-3.679,12.0,180.0,55.6,61.2
971,40.415035,-3.679,12.0,180.0,55.5,61.2
972,40.414927,-3.679,12.0,180.0,55.5,61.1
973,40.414819,-3.679,12.0,180.0,55.4,61.1
974,40.414711,-3.679,12.0,180.0,55.4,61.0
975,40.414604,-3.679,12.0,180.0,55.3,61.0
976,40.414496,-3.679,12.0,180.0,55.3,61.0
977,40.414388,-3.679,12.0,180.0,55.2,60.9
978,40.41428,-3.679,12.0,180.0,55.2,60.9
979,40.414172,-3.679,12.0,180.0,55.2,60.8
980,40.414065,-3.679,12.0,180.0,55.1,60.8
981,40.413957,-3.679,12.0,180.0,55.1,60.8
982,40.413849,-3.679,12.0,180.0,55.1,60.7
983,40.413741,-3.679,12.0,180.0,55.1,60.7
984,40.413633,-3.679,12.0,180.0,55.0,60.6
985,40.413526,-3.679,12.0,180.0,55.0,60.6
986,40.413418,-3.679,12.0,180.0,55.0,60.6
987,40.41331,-3.679,12.0,180.0,55.0,60.5
988,40.413202,-3.679,12.0,180.0,55.0,60.5
989,40.413094,-3.679,12.0,180.0,55.0,60.4
990,40.412987,-3.679,12.0,180.0,55.0,60.4
991,40.412879,-3.679,12.0,180.0,55.0,60.4
992,40.412771,-3.679,12.0,180.0,55.0,60.3
993,40.412663,-3.679,12.0,180.0,55.0,60.3
994,40.412555,-3.679,12.0,180.0,55.0,60.2
995,40.412448,-3.679,12.0,180.0,55.0,60.2
996,40.41234,-3.679,12.0,180.0,55.1,60.2
997,40.412232,-3.679,12.0,180.0,55.1,60.1
998,40.412124,-3.679,12.0,180.0,55.1,60.1
999,40.412017,-3.679,12.0,180.0,55.1,60.0
1000,40.411909,-3.679,12.0,180.0,55.2,60.0
1001,40.411801,-3.679,12.0,180.0,55.2,60.0
1002,40.411693,-3.679,12.0,180.0,55.2,59.9
1003,40.411585,-3.679,12.0,180.0,55.3,59.9
1004,40.411478,-3.679,12.0,180.0,55.3,59.8
1005,40.41137,-3.679,12.0,180.0,55.4,59.8
1006,40.411262,-3.679,12.0,180.0,55.4,59.8
1007,40.411154,-3.679,12.0,180.0,55.5,59.7
1008,40.411046,-3.679,12.0,180.0,55.5,59.7
1009,40.410979,-3.679076,9.86,220.8,55.6,59.6
1010,40.410943,-3.679209,12.0,250.3,55.6,59.6
1011,40.410907,-3.679343,12.0,250.3,55.7,59.6
1012,40.41087,-3.679476,12.0,250.3,55.8,59.5
1013,40.410834,-3.679609,12.0,250.3,55.8,59.5
1014,40.410798,-3.679742,12.0,250.3,55.9,59.4
1015,40.410761,-3.679876,12.0,250.3,56.0,59.4
1016,40.410725,-3.680009,12.0,250.3,56.1,59.4
1017,40.410688,-3.680142,12.0,250.3,56.1,59.3
1018,40.410652,-3.680276,12.0,250.3,56.2,59.3
1019,40.410616,-3.680409,12.0,250.3,56.3,59.2
1020,40.410579,-3.680542,12.0,250.3,56.4,59.2
1021,40.410543,-3.680675,12.0,250.3,56.5,59.2
1022,40.410507,-3.680809,12.0,250.3,56.6,59.1
1023,40.41047,-3.680942,12.0,250.3,56.7,59.1
1024,40.410434,-3.681075,12.0,250.3,56.8,59.0
1025,40.410398,-3.681209,12.0,250.3,56.9,59.0
1026,40.410361,-3.681342,12.0,250.3,57.0,59.0
1027,40.410325,-3.681475,12.0,250.3,57.1,58.9
1028,40.410289,-3.681608,12.0,250.3,57.2,58.9
1029,40.410252,-3.681742,12.0,250.3,57.4,58.8
1030,40.410216,-3.681875,12.0,250.3,57.5,58.8
1031,40.41018,-3.682008,12.0,250.3,57.6,58.8
1032,40.410143,-3.682142,12.0,250.3,57.7,58.7
1033,40.410107,-3.682275,12.0,250.3,57.9,58.7
1034,40.410071,-3.682408,12.0,250.3,58.0,58.6
1035,40.410034,-3.682541,12.0,250.3,58.1,58.6
1036,40.409998,-3.682675,12.0,250.3,58.2,58.6
1037,40.409961,-3.682808,12.0,250.3,58.4,58.5
1038,40.409925,-3.682941,12.0,250.3,58.5,58.5
1039,40.409889,-3.683075,12.0,250.3,58.7,58.4
1040,40.409852,-3.683208,12.0,250.3,58.8,58.4
1041,40.409816,-3.683341,12.0,250.3,59.0,58.4
1042,40.40978,-3.683474,12.0,250.3,59.1,58.3
1043,40.409743,-3.683608,12.0,250.3,59.3,58.3
1044,40.409707,-3.683741,12.0,250.3,59.4,58.2
1045,40.409671,-3.683874,12.0,250.3,59.6,58.2
1046,40.409634,-3.684007,12.0,250.3,59.8,58.2
1047,40.409598,-3.684141,12.0,250.3,59.9,58.1
1048,40.409562,-3.684274,12.0,250.3,60.1,58.1
1049,40.409525,-3.684407,12.0,250.3,60.2,58.0
1050,40.409489,-3.684541,12.0,250.3,60.4,58.0
1051,40.409453,-3.684674,12.0,250.3,60.6,58.0
1052,40.409416,-3.684807,12.0,250.3,60.8,57.9
1053,40.40938,-3.68494,12.0,250.3,61.0,57.9
1054,40.409344,-3.685074,12.0,250.3,61.1,57.8
1055,40.409307,-3.685207,12.0,250.3,61.3,57.8
1056,40.409271,-3.68534,12.0,250.3,61.5,57.8
1057,40.409234,-3.685474,12.0,250.3,61.7,57.7
1058,40.409198,-3.685607,12.0,250.3,61.9,57.7
1059,40.409162,-3.68574,12.0,250.3,62.1,57.6
1060,40.409125,-3.685873,12.0,250.3,62.3,57.6
1061,40.409089,-3.686007,12.0,250.3,62.5,57.6
1062,40.409053,-3.68614,12.0,250.3,62.7,57.5
1063,40.409016,-3.686273,12.0,250.3,62.9,57.5
1064,40.40898,-3.686407,12.0,250.3,63.1,57.4
1065,40.408944,-3.68654,12.0,250.3,63.3,57.4
1066,40.408907,-3.686673,12.0,250.3,63.5,57.4
1067,40.408871,-3.686806,12.0,250.3,63.7,57.3
1068,40.408835,-3.68694,12.0,250.3,63.9,57.3
1069,40.408798,-3.687073,12.0,250.3,64.1,57.2
1070,40.408762,-3.687206,12.0,250.3,64.3,57.2
1071,40.408726,-3.68734,12.0,250.3,64.5,57.2
1072,40.408689,-3.687473,12.0,250.3,64.8,57.1
1073,40.408653,-3.687606,12.0,250.3,65.0,57.1
1074,40.408617,-3.687739,12.0,250.3,65.2,57.0
1075,40.40858,-3.687873,12.0,250.3,65.4,57.0
1076,40.408544,-3.688006,12.0,250.3,65.7,57.0
1077,40.408507,-3.688139,12.0,250.3,65.9,56.9
1078,40.408471,-3.688273,12.0,250.3,66.1,56.9
1079,40.408435,-3.688406,12.0,250.3,66.4,56.8
1080,40.408398,-3.688539,12.0,250.3,66.6,56.8
1081,40.408362,-3.688672,12.0,250.3,66.8,56.8
1082,40.408326,-3.688806,12.0,250.3,67.1,56.7
1083,40.408289,-3.688939,12.0,250.3,67.3,56.7
1084,40.408253,-3.689072,12.0,250.3,67.5,56.6
1085,40.408217,-3.689206,12.0,250.3,67.8,56.6
1086,40.40818,-3.689339,12.0,250.3,68.0,56.6
1087,40.408144,-3.689472,12.0,250.3,68.3,56.5
1088,40.408108,-3.689605,12.0,250.3,68.5,56.5
1089,40.408071,-3.689739,12.0,250.3,68.8,56.4
1090,40.408035,-3.689872,12.0,250.3,69.0,56.4
1091,40.408004,-3.690002,11.57,252.6,69.3,56.4
1092,40.408103,-3.690058,12.0,336.8,69.5,56.3
1093,40.408202,-3.690114,12.0,336.8,69.8,56.3
1094,40.408301,-3.690169,12.0,336.8,70.0,56.2
1095,40.4084,-3.690225,12.0,336.8,70.3,56.2
1096,40.408499,-3.690281,12.0,336.8,70.5,56.2
1097,40.408598,-3.690337,12.0,336.8,70.8,56.1
1098,40.408698,-3.690392,12.0,336.8,71.0,56.1
1099,40.408797,-3.690448,12.0,336.8,71.3,56.0
1100,40.408896,-3.690504,12.0,336.8,71.6,56.0
1101,40.408995,-3.69056,12.0,336.8,71.8,56.0
1102,40.409094,-3.690615,12.0,336.8,72.1,55.9
1103,40.409193,-3.690671,12.0,336.8,72.4,55.9
1104,40.409292,-3.690727,12.0,336.8,72.6,55.8
1105,40.409391,-3.690783,12.0,336.8,72.9,55.8
1106,40.40949,-3.690838,12.0,336.8,73.2,55.8
1107,40.409589,-3.690894,12.0,336.8,73.4,55.7
1108,40.409688,-3.69095,12.0,336.8,73.7,55.7
1109,40.409788,-3.691005,12.0,336.8,74.0,55.6
1110,40.409887,-3.691061,12.0,336.8,74.2,55.6
1111,40.409986,-3.691117,12.0,336.8,74.5,55.6
1112,40.410085,-3.691173,12.0,336.8,74.8,55.5
1113,40.410184,-3.691228,12.0,336.8,75.0,55.5
1114,40.410283,-3.691284,12.0,336.8,75.3,55.4
1115,40.410382,-3.69134,12.0,336.8,75.6,55.4
1116,40.410481,-3.691396,12.0,336.8,75.9,55.4
1117,40.41058,-3.691451,12.0,336.8,76.1,55.3
1118,40.410679,-3.691507,12.0,336.8,76.4,55.3
1119,40.410778,-3.691563,12.0,336.8,76.7,55.2
1120,40.410878,-3.691619,12.0,336.8,77.0,55.2
1121,40.410977,-3.691674,12.0,336.8,77.2,55.2
1122,40.411076,-3.69173,12.0,336.8,77.5,55.1
1123,40.411175,-3.691786,12.0,336.8,77.8,55.1
1124,40.411274,-3.691842,12.0,336.8,78.1,55.0
1125,40.411373,-3.691897,12.0,336.8,78.3,55.0
1126,40.411472,-3.691953,12.0,336.8,78.6,55.0
1127,40.411571,-3.692009,12.0,336.8,78.9,54.9
1128,40.41167,-3.692065,12.0,336.8,79.2,54.9
1129,40.411769,-3.69212,12.0,336.8,79.5,54.8
1130,40.411868,-3.692176,12.0,336.8,79.7,54.8
1131,40.411968,-3.692232,12.0,336.8,80.0,54.8
1132,40.412067,-3.692287,12.0,336.8,80.3,54.7
1133,40.412166,-3.692343,12.0,336.8,80.6,54.7
1134,40.412265,-3.692399,12.0,336.8,80.8,54.6
1135,40.412364,-3.692455,12.0,336.8,81.1,54.6
1136,40.412463,-3.69251,12.0,336.8,81.4,54.6
1137,40.412562,-3.692566,12.0,336.8,81.7,54.5
1138,40.412661,-3.692622,12.0,336.8,81.9,54.5
1139,40.41276,-3.692678,12.0,336.8,82.2,54.4
1140,40.412859,-3.692733,12.0,336.8,82.5,54.4
1141,40.412958,-3.692789,12.0,336.8,82.8,54.4
1142,40.413058,-3.692845,12.0,336.8,83.1,54.3
1143,40.413157,-3.692901,12.0,336.8,83.3,54.3
1144,40.413256,-3.692956,12.0,336.8,83.6,54.2
1145,40.413355,-3.693012,12.0,336.8,83.9,54.2
1146,40.413454,-3.693068,12.0,336.8,84.2,54.2
1147,40.413553,-3.693124,12.0,336.8,84.4,54.1
1148,40.413652,-3.693179,12.0,336.8,84.7,54.1
1149,40.413751,-3.693235,12.0,336.8,85.0,54.0
1150,40.41385,-3.693291,12.0,336.8,85.2,54.0
1151,40.413949,-3.693346,12.0,336.8,85.5,54.0
1152,40.414048,-3.693402,12.0,336.8,85.8,53.9
1153,40.414148,-3.693458,12.0,336.8,86.1,53.9
1154,40.414247,-3.693514,12.0,336.8,86.3,53.8
1155,40.414346,-3.693569,12.0,336.8,86.6,53.8
1156,40.414445,-3.693625,12.0,336.8,86.9,53.8
1157,40.414544,-3.693681,12.0,336.8,87.1,53.7
1158,40.414643,-3.693737,12.0,336.8,87.4,53.7
1159,40.414742,-3.693792,12.0,336.8,87.7,53.6
1160,40.414841,-3.693848,12.0,336.8,87.9,53.6
1161,40.41494,-3.693904,12.0,336.8,88.2,53.6
1162,40.415039,-3.69396,12.0,336.8,88.4,53.5
1163,40.415138,-3.694015,12.0,336.8,88.7,53.5
1164,40.415238,-3.694071,12.0,336.8,89.0,53.4
1165,40.415337,-3.694127,12.0,336.8,89.2,53.4
1166,40.415436,-3.694183,12.0,336.8,89.5,53.4
1167,40.415535,-3.694238,12.0,336.8,89.7,53.3
1168,40.415634,-3.694294,12.0,336.8,90.0,53.3
1169,40.415733,-3.69435,12.0,336.8,90.3,53.2
1170,40.415832,-3.694406,12.0,336.8,90.5,53.2
1171,40.415931,-3.694461,12.0,336.8,90.8,53.2
1172,40.416031,-3.694487,11.36,349.0,91.0,53.1
1173,40.416134,-3.694443,12.0,17.9,91.3,53.1
1174,40.416236,-3.6944,12.0,17.9,91.5,53.0
1175,40.416339,-3.694356,12.0,17.9,91.7,53.0
1176,40.416442,-3.694313,12.0,17.9,92.0,53.0
1177,40.416544,-3.694269,12.0,17.9,92.2,52.9
1178,40.416647,-3.694226,12.0,17.9,92.5,52.9
1179,40.416749,-3.694182,12.0,17.9,92.7,52.8
1180,40.416852,-3.694139,12.0,17.9,93.0,52.8
1181,40.416955,-3.694095,12.0,17.9,93.2,52.8
1182,40.417057,-3.694052,12.0,17.9,93.4,52.7
1183,40.41716,-3.694008,12.0,17.9,93.7,52.7
1184,40.417262,-3.693965,12.0,17.9,93.9,52.6
1185,40.417365,-3.693921,12.0,17.9,94.1,52.6
1186,40.417467,-3.693877,12.0,17.9,94.4,52.6
1187,40.41757,-3.693834,12.0,17.9,94.6,52.5
1188,40.417673,-3.69379,12.0,17.9,94.8,52.5
1189,40.417775,-3.693747,12.0,17.9,95.0,52.4
1190,40.417878,-3.693703,12.0,17.9,95.2,52.4
1191,40.41798,-3.69366,12.0,17.9,95.5,52.4
1192,40.418083,-3.693616,12.0,17.9,95.7,52.3
1193,40.418185,-3.693573,12.0,17.9,95.9,52.3
1194,40.418288,-3.693529,12.0,17.9,96.1,52.2
1195,40.418391,-3.693486,12.0,17.9,96.3,52.2
1196,40.418493,-3.693442,12.0,17.9,96.5,52.2
1197,40.418596,-3.693399,12.0,17.9,96.7,52.1
1198,40.418698,-3.693355,12.0,17.9,96.9,52.1
1199,40.418801,-3.693312,12.0,17.9,97.1,52.0
1200,40.418904,-3.693268,12.0,17.9,97.3,52.0
