timestamp,latitude,longitude,speed,heading,occupancy
0,40.4726,-3.6825,15.0,0.0,74.8
1,40.472493,-3.682608,15.0,217.7,74.9
2,40.472387,-3.682717,15.0,217.7,75.0
3,40.47228,-3.682825,15.0,217.7,75.1
4,40.472174,-3.682933,15.0,217.7,75.2
5,40.472067,-3.683042,15.0,217.7,75.4
6,40.47196,-3.68315,15.0,217.7,75.5
7,40.471854,-3.683258,15.0,217.7,75.6
8,40.471747,-3.683367,15.0,217.7,75.7
9,40.471641,-3.683475,15.0,217.7,75.8
10,40.471534,-3.683583,15.0,217.7,75.9
11,40.471427,-3.683692,15.0,217.7,76.1
12,40.471321,-3.6838,15.0,217.7,76.2
13,40.471214,-3.683909,15.0,217.7,76.3
14,40.471108,-3.684017,15.0,217.7,76.4
15,40.471001,-3.684125,15.0,217.7,76.5
16,40.470894,-3.684234,15.0,217.7,76.6
17,40.470788,-3.684342,15.0,217.7,76.8
18,40.470681,-3.68445,15.0,217.7,76.9
19,40.470575,-3.684559,15.0,217.7,77.0
20,40.470468,-3.684667,15.0,217.7,77.1
21,40.470361,-3.684775,15.0,217.7,77.2
22,40.470255,-3.684884,15.0,217.7,77.3
23,40.470148,-3.684992,15.0,217.7,77.4
24,40.470042,-3.6851,15.0,217.7,77.5
25,40.469935,-3.685209,15.0,217.7,77.7
26,40.469828,-3.685317,15.0,217.7,77.8
27,40.469722,-3.685425,15.0,217.7,77.9
28,40.469615,-3.685534,15.0,217.7,78.0
29,40.469509,-3.685642,15.0,217.7,78.1
30,40.469402,-3.68575,15.0,217.7,78.2
31,40.469295,-3.685859,15.0,217.7,78.3
32,40.469189,-3.685967,15.0,217.7,78.4
33,40.469082,-3.686075,15.0,217.7,78.5
34,40.468976,-3.686184,15.0,217.7,78.6
35,40.468869,-3.686292,15.0,217.7,78.8
36,40.468762,-3.6864,15.0,217.7,78.9
37,40.468656,-3.686509,15.0,217.7,79.0
38,40.468549,-3.686617,15.0,217.7,79.1
39,40.468443,-3.686726,15.0,217.7,79.2
40,40.468336,-3.686834,15.0,217.7,79.3
41,40.468229,-3.686942,15.0,217.7,79.4
42,40.468123,-3.687051,15.0,217.7,79.5
43,40.468016,-3.687159,15.0,217.7,79.6
44,40.46791,-3.687267,15.0,217.7,79.7
45,40.467803,-3.687376,15.0,217.7,79.8
46,40.467696,-3.687484,15.0,217.7,79.9
47,40.46759,-3.687592,15.0,217.7,80.0
48,40.467483,-3.687701,15.0,217.7,80.1
49,40.467377,-3.687809,15.0,217.7,80.2
50,40.46727,-3.687917,15.0,217.7,80.3
51,40.467163,-3.688026,15.0,217.7,80.4
52,40.467057,-3.688134,15.0,217.7,80.5
53,40.46695,-3.688242,15.0,217.7,80.6
54,40.466844,-3.688351,15.0,217.7,80.7
55,40.466737,-3.688459,15.0,217.7,80.8
56,40.46663,-3.688567,15.0,217.7,80.9
57,40.466524,-3.688676,15.0,217.7,81.0
58,40.466426,-3.688798,14.98,223.6,81.1
59,40.466332,-3.688924,15.0,225.3,81.2
60,40.466237,-3.689049,15.0,225.3,81.3
61,40.466142,-3.689175,15.0,225.3,81.4
62,40.466047,-3.689301,15.0,225.3,81.5
63,40.465952,-3.689427,15.0,225.3,81.6
64,40.465857,-3.689553,15.0,225.3,81.7
65,40.465763,-3.689679,15.0,225.3,81.8
66,40.465668,-3.689804,15.0,225.3,81.9
67,40.465573,-3.68993,15.0,225.3,82.0
68,40.465478,-3.690056,15.0,225.3,82.1
69,40.465383,-3.690182,15.0,225.3,82.1
70,40.465289,-3.690308,15.0,225.3,82.2
71,40.465194,-3.690434,15.0,225.3,82.3
72,40.465099,-3.69056,15.0,225.3,82.4
73,40.465004,-3.690685,15.0,225.3,82.5
74,40.464909,-3.690811,15.0,225.3,82.6
75,40.464815,-3.690937,15.0,225.3,82.7
76,40.46472,-3.691063,15.0,225.3,82.8
77,40.464625,-3.691189,15.0,225.3,82.9
78,40.46453,-3.691315,15.0,225.3,83.0
79,40.464435,-3.69144,15.0,225.3,83.0
80,40.46434,-3.691566,15.0,225.3,83.1
81,40.464246,-3.691692,15.0,225.3,83.2
82,40.464151,-3.691818,15.0,225.3,83.3
83,40.464056,-3.691944,15.0,225.3,83.4
84,40.463961,-3.69207,15.0,225.3,83.5
85,40.463866,-3.692196,15.0,225.3,83.6
86,40.463772,-3.692321,15.0,225.3,83.6
87,40.463677,-3.692447,15.0,225.3,83.7
88,40.463582,-3.692573,15.0,225.3,83.8
89,40.463487,-3.692699,15.0,225.3,83.9
90,40.463392,-3.692825,15.0,225.3,84.0
91,40.463297,-3.692951,15.0,225.3,84.1
92,40.463203,-3.693076,15.0,225.3,84.1
93,40.463108,-3.693202,15.0,225.3,84.2
94,40.463013,-3.693328,15.0,225.3,84.3
95,40.462918,-3.693454,15.0,225.3,84.4
96,40.462823,-3.69358,15.0,225.3,84.5
97,40.462729,-3.693706,15.0,225.3,84.5
98,40.462634,-3.693832,15.0,225.3,84.6
99,40.462539,-3.693957,15.0,225.3,84.7
100,40.462444,-3.694083,15.0,225.3,84.8
101,40.462349,-3.694209,15.0,225.3,84.8
102,40.462254,-3.694335,15.0,225.3,84.9
103,40.46216,-3.694461,15.0,225.3,85.0
104,40.462065,-3.694587,15.0,225.3,85.1
105,40.46197,-3.694712,15.0,225.3,85.1
106,40.461875,-3.694838,15.0,225.3,85.2
107,40.46178,-3.694964,15.0,225.3,85.3
108,40.461686,-3.69509,15.0,225.3,85.4
109,40.461591,-3.695216,15.0,225.3,85.4
110,40.461496,-3.695342,15.0,225.3,85.5
111,40.461401,-3.695468,15.0,225.3,85.6
112,40.461306,-3.695593,15.0,225.3,85.6
113,40.461212,-3.695719,15.0,225.3,85.7
114,40.461117,-3.695845,15.0,225.3,85.8
115,40.461022,-3.695971,15.0,225.3,85.9
116,40.460924,-3.696093,15.0,223.6,85.9
117,40.460826,-3.696214,15.0,223.0,86.0
118,40.460727,-3.696335,15.0,223.0,86.1
119,40.460629,-3.696456,15.0,223.0,86.1
120,40.46053,-3.696576,15.0,223.0,86.2
121,40.460432,-3.696697,15.0,223.0,86.3
122,40.460333,-3.696818,15.0,223.0,86.3
123,40.460235,-3.696939,15.0,223.0,86.4
124,40.460136,-3.69706,15.0,223.0,86.5
125,40.460038,-3.697181,15.0,223.0,86.5
126,40.459939,-3.697302,15.0,223.0,86.6
127,40.459841,-3.697423,15.0,223.0,86.6
128,40.459742,-3.697543,15.0,223.0,86.7
129,40.459644,-3.697664,15.0,223.0,86.8
130,40.459545,-3.697785,15.0,223.0,86.8
131,40.459447,-3.697906,15.0,223.0,86.9
132,40.459348,-3.698027,15.0,223.0,86.9
133,40.45925,-3.698148,15.0,223.0,87.0
134,40.459151,-3.698269,15.0,223.0,87.1
135,40.459053,-3.698389,15.0,223.0,87.1
136,40.458955,-3.69851,15.0,223.0,87.2
137,40.458856,-3.698631,15.0,223.0,87.2
138,40.458753,-3.698744,14.97,219.8,87.3
139,40.458643,-3.698847,15.0,215.5,87.4
140,40.458533,-3.69895,15.0,215.5,87.4
141,40.458424,-3.699053,15.0,215.5,87.5
142,40.458314,-3.699156,15.0,215.5,87.5
143,40.458204,-3.699259,15.0,215.5,87.6
144,40.458095,-3.699361,15.0,215.5,87.6
145,40.457985,-3.699464,15.0,215.5,87.7
146,40.457875,-3.699567,15.0,215.5,87.7
147,40.457765,-3.69967,15.0,215.5,87.8
148,40.457656,-3.699773,15.0,215.5,87.8
149,40.457546,-3.699876,15.0,215.5,87.9
150,40.457436,-3.699978,15.0,215.5,87.9
151,40.457327,-3.700081,15.0,215.5,88.0
152,40.457217,-3.700184,15.0,215.5,88.0
153,40.457107,-3.700287,15.0,215.5,88.1
154,40.456998,-3.70039,15.0,215.5,88.1
155,40.456888,-3.700493,15.0,215.5,88.2
156,40.456778,-3.700595,15.0,215.5,88.2
157,40.456668,-3.700698,15.0,215.5,88.3
158,40.456559,-3.700801,15.0,215.5,88.3
159,40.456449,-3.700904,15.0,215.5,88.3
160,40.456339,-3.701007,15.0,215.5,88.4
161,40.45623,-3.70111,15.0,215.5,88.4
162,40.45612,-3.701213,15.0,215.5,88.5
163,40.45601,-3.701315,15.0,215.5,88.5
164,40.455901,-3.701418,15.0,215.5,88.6
165,40.455791,-3.701521,15.0,215.5,88.6
166,40.455681,-3.701624,15.0,215.5,88.6
167,40.455567,-3.701714,14.85,210.7,88.7
168,40.455438,-3.701765,15.0,197.1,88.7
169,40.455309,-3.701817,15.0,197.1,88.8
170,40.45518,-3.701869,15.0,197.1,88.8
171,40.455051,-3.701921,15.0,197.1,88.8
172,40.454922,-3.701973,15.0,197.1,88.9
173,40.454794,-3.702025,15.0,197.1,88.9
174,40.454665,-3.702077,15.0,197.1,88.9
175,40.454536,-3.702129,15.0,197.1,89.0
176,40.454407,-3.702181,15.0,197.1,89.0
177,40.454278,-3.702233,15.0,197.1,89.1
178,40.45415,-3.702285,15.0,197.1,89.1
179,40.454021,-3.702337,15.0,197.1,89.1
180,40.453892,-3.702389,15.0,197.1,89.2
181,40.453763,-3.702441,15.0,197.1,89.2
182,40.453634,-3.702493,15.0,197.1,89.2
183,40.453506,-3.702545,15.0,197.1,89.2
184,40.453377,-3.702597,15.0,197.1,89.3
185,40.453248,-3.702649,15.0,197.1,89.3
186,40.453119,-3.702701,15.0,197.1,89.3
187,40.45299,-3.702753,15.0,197.1,89.4
188,40.452861,-3.702805,15.0,197.1,89.4
189,40.452733,-3.702857,15.0,197.1,89.4
190,40.452604,-3.702909,15.0,197.1,89.4
191,40.452475,-3.702961,15.0,197.1,89.5
192,40.452346,-3.703013,15.0,197.1,89.5
193,40.452217,-3.703065,15.0,197.1,89.5
194,40.452089,-3.703117,15.0,197.1,89.5
195,40.45196,-3.703169,15.0,197.1,89.6
196,40.451831,-3.703221,15.0,197.1,89.6
197,40.451702,-3.703273,15.0,197.1,89.6
198,40.451573,-3.703325,15.0,197.1,89.6
199,40.451445,-3.703377,15.0,197.1,89.6
200,40.451316,-3.703429,15.0,197.1,89.7
201,40.451187,-3.703481,15.0,197.1,89.7
202,40.451058,-3.703533,15.0,197.1,89.7
203,40.450929,-3.703585,15.0,197.1,89.7
204,40.4508,-3.703637,15.0,197.1,89.7
205,40.450672,-3.703689,15.0,197.1,89.8
206,40.450543,-3.703741,15.0,197.1,89.8
207,40.450414,-3.703793,15.0,197.1,89.8
208,40.450285,-3.703845,15.0,197.1,89.8
209,40.450156,-3.703897,15.0,197.1,89.8
210,40.450028,-3.703949,15.0,197.1,89.8
211,40.449899,-3.704,14.99,196.9,89.9
212,40.449764,-3.703991,15.0,177.2,89.9
213,40.44963,-3.703983,15.0,177.2,89.9
214,40.449495,-3.703974,15.0,177.2,89.9
215,40.44936,-3.703965,15.0,177.2,89.9
216,40.449226,-3.703957,15.0,177.2,89.9
217,40.449091,-3.703948,15.0,177.2,89.9
218,40.448957,-3.703939,15.0,177.2,89.9
219,40.448822,-3.70393,15.0,177.2,89.9
220,40.448687,-3.703922,15.0,177.2,89.9
221,40.448553,-3.703913,15.0,177.2,90.0
222,40.448418,-3.703904,15.0,177.2,90.0
223,40.448284,-3.703896,15.0,177.2,90.0
224,40.448149,-3.703887,15.0,177.2,90.0
225,40.448015,-3.703878,15.0,177.2,90.0
226,40.44788,-3.70387,15.0,177.2,90.0
227,40.447745,-3.703861,15.0,177.2,90.0
228,40.447611,-3.703852,15.0,177.2,90.0
229,40.447476,-3.703844,15.0,177.2,90.0
230,40.447342,-3.703835,15.0,177.2,90.0
231,40.447207,-3.703826,15.0,177.2,90.0
232,40.447072,-3.703818,15.0,177.2,90.0
233,40.446938,-3.703809,15.0,177.2,90.0
234,40.446803,-3.7038,15.0,177.2,90.0
235,40.446677,-3.703741,14.98,160.3,90.0
236,40.44655,-3.70368,15.0,159.9,90.0
237,40.446423,-3.703619,15.0,159.9,90.0
238,40.446297,-3.703558,15.0,159.9,90.0
239,40.44617,-3.703497,15.0,159.9,90.0
240,40.446044,-3.703436,15.0,159.9,90.0
241,40.445917,-3.703376,15.0,159.9,90.0
242,40.445791,-3.703315,15.0,159.9,90.0
243,40.445664,-3.703254,15.0,159.9,90.0
244,40.445538,-3.703193,15.0,159.9,90.0
245,40.445411,-3.703132,15.0,159.9,90.0
246,40.445285,-3.703071,15.0,159.9,89.9
247,40.445158,-3.703011,15.0,159.9,89.9
248,40.445031,-3.70295,15.0,159.9,89.9
249,40.444905,-3.702889,15.0,159.9,89.9
250,40.444778,-3.702828,15.0,159.9,89.9
251,40.444652,-3.702767,15.0,159.9,89.9
252,40.444525,-3.702706,15.0,159.9,89.9
253,40.444399,-3.702646,15.0,159.9,89.9
254,40.444272,-3.702585,15.0,159.9,89.9
255,40.444146,-3.702524,15.0,159.9,89.9
256,40.444019,-3.702463,15.0,159.9,89.8
257,40.443893,-3.702402,15.0,159.9,89.8
258,40.443766,-3.702341,15.0,159.9,89.8
259,40.44364,-3.702281,15.0,159.9,89.8
260,40.443513,-3.70222,15.0,159.9,89.8
261,40.443386,-3.702159,15.0,159.9,89.8
262,40.44326,-3.702098,15.0,159.9,89.7
263,40.443133,-3.702037,15.0,159.9,89.7
264,40.443007,-3.701976,15.0,159.9,89.7
265,40.44288,-3.701916,15.0,159.9,89.7
266,40.442754,-3.701855,15.0,159.9,89.7
267,40.442627,-3.701794,15.0,159.9,89.6
268,40.442501,-3.701733,15.0,159.9,89.6
269,40.442374,-3.701672,15.0,159.9,89.6
270,40.442248,-3.701611,15.0,159.9,89.6
271,40.442121,-3.70155,15.0,159.9,89.6
272,40.441994,-3.70149,15.0,159.9,89.5
273,40.441868,-3.701429,15.0,159.9,89.5
274,40.441741,-3.701368,15.0,159.9,89.5
275,40.441615,-3.701307,15.0,159.9,89.5
276,40.441484,-3.701268,14.98,167.2,89.4
277,40.441352,-3.701232,15.0,168.2,89.4
278,40.44122,-3.701196,15.0,168.2,89.4
279,40.441088,-3.70116,15.0,168.2,89.4
280,40.440956,-3.701123,15.0,168.2,89.3
281,40.440824,-3.701087,15.0,168.2,89.3
282,40.440692,-3.701051,15.0,168.2,89.3
283,40.44056,-3.701015,15.0,168.2,89.2
284,40.440428,-3.700979,15.0,168.2,89.2
285,40.440296,-3.700943,15.0,168.2,89.2
286,40.440164,-3.700906,15.0,168.2,89.1
287,40.440033,-3.70087,15.0,168.2,89.1
288,40.439901,-3.700834,15.0,168.2,89.1
289,40.439769,-3.700798,15.0,168.2,89.1
290,40.439637,-3.700762,15.0,168.2,89.0
291,40.439505,-3.700726,15.0,168.2,89.0
292,40.439373,-3.700689,15.0,168.2,88.9
293,40.439241,-3.700653,15.0,168.2,88.9
294,40.439109,-3.700617,15.0,168.2,88.9
295,40.438977,-3.700581,15.0,168.2,88.8
296,40.438845,-3.700545,15.0,168.2,88.8
297,40.438714,-3.700509,15.0,168.2,88.8
298,40.438582,-3.700472,15.0,168.2,88.7
299,40.43845,-3.700436,15.0,168.2,88.7
300,40.438318,-3.7004,15.0,168.2,88.6
301,40.438186,-3.700364,15.0,168.2,88.6
302,40.438054,-3.700328,15.0,168.2,88.6
303,40.437922,-3.700292,15.0,168.2,88.5
304,40.43779,-3.700255,15.0,168.2,88.5
305,40.437658,-3.700219,15.0,168.2,88.4
306,40.437526,-3.700183,15.0,168.2,88.4
307,40.437394,-3.700147,15.0,168.2,88.3
308,40.437263,-3.700111,15.0,168.2,88.3
309,40.437131,-3.700075,15.0,168.2,88.3
310,40.436999,-3.700038,15.0,168.2,88.2
311,40.436867,-3.700002,15.0,168.2,88.2
312,40.436735,-3.699966,15.0,168.2,88.1
313,40.436603,-3.69993,15.0,168.2,88.1
314,40.436471,-3.699894,15.0,168.2,88.0
315,40.436339,-3.699858,15.0,168.2,88.0
316,40.436207,-3.699821,15.0,168.2,87.9
317,40.436075,-3.699785,15.0,168.2,87.9
318,40.435944,-3.699749,15.0,168.2,87.8
319,40.435812,-3.699713,15.0,168.2,87.8
320,40.43568,-3.699677,15.0,168.2,87.7
321,40.435548,-3.699641,15.0,168.2,87.7
322,40.435416,-3.699604,15.0,168.2,87.6
323,40.435284,-3.699634,14.86,189.8,87.6
324,40.435153,-3.699673,15.0,192.7,87.5
325,40.435021,-3.699712,15.0,192.7,87.5
326,40.43489,-3.699751,15.0,192.7,87.4
327,40.434758,-3.699789,15.0,192.7,87.3
328,40.434627,-3.699828,15.0,192.7,87.3
329,40.434496,-3.699867,15.0,192.7,87.2
330,40.434364,-3.699906,15.0,192.7,87.2
331,40.434233,-3.699944,15.0,192.7,87.1
332,40.434101,-3.699983,15.0,192.7,87.1
333,40.43397,-3.700022,15.0,192.7,87.0
334,40.433838,-3.700061,15.0,192.7,86.9
335,40.433707,-3.7001,15.0,192.7,86.9
336,40.433575,-3.700138,15.0,192.7,86.8
337,40.433444,-3.700177,15.0,192.7,86.8
338,40.433312,-3.700216,15.0,192.7,86.7
339,40.433181,-3.700255,15.0,192.7,86.6
340,40.433049,-3.700294,15.0,192.7,86.6
341,40.432918,-3.700332,15.0,192.7,86.5
342,40.432786,-3.700371,15.0,192.7,86.5
343,40.432655,-3.70041,15.0,192.7,86.4
344,40.432523,-3.700449,15.0,192.7,86.3
345,40.432392,-3.700488,15.0,192.7,86.3
346,40.432261,-3.700526,15.0,192.7,86.2
347,40.432129,-3.700565,15.0,192.7,86.1
348,40.431998,-3.700604,15.0,192.7,86.1
349,40.431866,-3.700643,15.0,192.7,86.0
350,40.431735,-3.700682,15.0,192.7,85.9
351,40.431603,-3.70072,15.0,192.7,85.9
352,40.431472,-3.700759,15.0,192.7,85.8
353,40.43134,-3.700798,15.0,192.7,85.7
354,40.431209,-3.700837,15.0,192.7,85.6
355,40.431077,-3.700876,15.0,192.7,85.6
356,40.430946,-3.700914,15.0,192.7,85.5
357,40.430814,-3.700953,15.0,192.7,85.4
358,40.430683,-3.700992,15.0,192.7,85.4
359,40.430551,-3.701031,15.0,192.7,85.3
360,40.43042,-3.70107,15.0,192.7,85.2
361,40.430288,-3.701108,15.0,192.7,85.1
362,40.430157,-3.701147,15.0,192.7,85.1
363,40.430026,-3.701186,15.0,192.7,85.0
364,40.429894,-3.701225,15.0,192.7,84.9
365,40.429763,-3.701264,15.0,192.7,84.8
366,40.429631,-3.701302,15.0,192.7,84.8
367,40.4295,-3.701341,15.0,192.7,84.7
368,40.429368,-3.70138,15.0,192.7,84.6
369,40.429235,-3.701391,14.8,183.7,84.5
370,40.429101,-3.701373,15.0,174.1,84.5
371,40.428967,-3.701355,15.0,174.1,84.4
372,40.428833,-3.701337,15.0,174.1,84.3
373,40.428699,-3.701319,15.0,174.1,84.2
374,40.428565,-3.701301,15.0,174.1,84.1
375,40.428431,-3.701283,15.0,174.1,84.0
376,40.428297,-3.701264,15.0,174.1,84.0
377,40.428163,-3.701246,15.0,174.1,83.9
378,40.428029,-3.701228,15.0,174.1,83.8
379,40.427895,-3.70121,15.0,174.1,83.7
380,40.427761,-3.701192,15.0,174.1,83.6
381,40.427627,-3.701174,15.0,174.1,83.6
382,40.427493,-3.701156,15.0,174.1,83.5
383,40.427359,-3.701138,15.0,174.1,83.4
384,40.427225,-3.70112,15.0,174.1,83.3
385,40.427091,-3.701101,15.0,174.1,83.2
386,40.426957,-3.701083,15.0,174.1,83.1
387,40.426823,-3.701065,15.0,174.1,83.0
388,40.426689,-3.701047,15.0,174.1,83.0
389,40.426555,-3.701029,15.0,174.1,82.9
390,40.426421,-3.701011,15.0,174.1,82.8
391,40.426287,-3.700993,15.0,174.1,82.7
392,40.426153,-3.700975,15.0,174.1,82.6
393,40.426019,-3.700957,15.0,174.1,82.5
394,40.425884,-3.700938,15.0,174.1,82.4
395,40.42575,-3.70092,15.0,174.1,82.3
396,40.425616,-3.700902,15.0,174.1,82.2
397,40.425482,-3.700915,14.97,184.1,82.1
398,40.425348,-3.700932,15.0,185.5,82.0
399,40.425214,-3.700949,15.0,185.5,82.0
400,40.42508,-3.700966,15.0,185.5,81.9
401,40.424946,-3.700983,15.0,185.5,81.8
402,40.424812,-3.701,15.0,185.5,81.7
403,40.424678,-3.701017,15.0,185.5,81.6
404,40.424543,-3.701034,15.0,185.5,81.5
405,40.424409,-3.701052,15.0,185.5,81.4
406,40.424275,-3.701069,15.0,185.5,81.3
407,40.424141,-3.701086,15.0,185.5,81.2
408,40.424007,-3.701103,15.0,185.5,81.1
409,40.423873,-3.70112,15.0,185.5,81.0
410,40.423739,-3.701137,15.0,185.5,80.9
411,40.423605,-3.701154,15.0,185.5,80.8
412,40.42347,-3.701171,15.0,185.5,80.7
413,40.423336,-3.701188,15.0,185.5,80.6
414,40.423202,-3.701205,15.0,185.5,80.5
415,40.423068,-3.701222,15.0,185.5,80.4
416,40.422934,-3.701239,15.0,185.5,80.3
417,40.4228,-3.701256,15.0,185.5,80.2
418,40.422666,-3.701273,15.0,185.5,80.1
419,40.422532,-3.701291,15.0,185.5,80.0
420,40.422398,-3.701308,15.0,185.5,79.9
421,40.422263,-3.701325,15.0,185.5,79.8
422,40.422129,-3.701342,15.0,185.5,79.7
423,40.421995,-3.701359,15.0,185.5,79.6
424,40.421861,-3.701376,15.0,185.5,79.5
425,40.421727,-3.701393,15.0,185.5,79.4
426,40.421593,-3.70141,15.0,185.5,79.3
427,40.421459,-3.701427,15.0,185.5,79.2
428,40.421325,-3.701444,15.0,185.5,79.1
429,40.42119,-3.701461,15.0,185.5,79.0
430,40.421056,-3.701478,15.0,185.5,78.9
431,40.420922,-3.701495,15.0,185.5,78.7
432,40.420788,-3.701512,15.0,185.5,78.6
433,40.420654,-3.701529,15.0,185.5,78.5
434,40.42052,-3.701547,15.0,185.5,78.4
435,40.420386,-3.701564,15.0,185.5,78.3
436,40.420252,-3.701581,15.0,185.5,78.2
437,40.420118,-3.701598,15.0,185.5,78.1
438,40.419993,-3.701663,14.91,201.9,78.0
439,40.41987,-3.701736,15.0,204.3,77.9
440,40.419748,-3.701809,15.0,204.3,77.8
441,40.419625,-3.701882,15.0,204.3,77.7
442,40.419502,-3.701955,15.0,204.3,77.5
443,40.419379,-3.702028,15.0,204.3,77.4
444,40.419257,-3.702101,15.0,204.3,77.3
445,40.419134,-3.702174,15.0,204.3,77.2
446,40.419011,-3.702247,15.0,204.3,77.1
447,40.418888,-3.70232,15.0,204.3,77.0
448,40.418765,-3.702392,15.0,204.3,76.9
449,40.418643,-3.702465,15.0,204.3,76.8
450,40.41852,-3.702538,15.0,204.3,76.6
451,40.418397,-3.702611,15.0,204.3,76.5
452,40.418274,-3.702684,15.0,204.3,76.4
453,40.418151,-3.702757,15.0,204.3,76.3
454,40.418029,-3.70283,15.0,204.3,76.2
455,40.417906,-3.702903,15.0,204.3,76.1
456,40.417783,-3.702976,15.0,204.3,75.9
457,40.41766,-3.703049,15.0,204.3,75.8
458,40.417538,-3.703121,15.0,204.3,75.7
459,40.417415,-3.703194,15.0,204.3,75.6
460,40.417292,-3.703267,15.0,204.3,75.5
461,40.417169,-3.70334,15.0,204.3,75.4
462,40.417046,-3.703413,15.0,204.3,75.2
463,40.416924,-3.703486,15.0,204.3,75.1
464,40.416792,-3.703487,14.69,180.4,75.0
465,40.416657,-3.703471,15.0,174.8,74.9
466,40.416523,-3.703455,15.0,174.8,74.8
467,40.416389,-3.703439,15.0,174.8,74.6
468,40.416255,-3.703423,15.0,174.8,74.5
469,40.416121,-3.703407,15.0,174.8,74.4
470,40.415986,-3.703391,15.0,174.8,74.3
471,40.415852,-3.703375,15.0,174.8,74.2
472,40.415718,-3.703359,15.0,174.8,74.0
473,40.415584,-3.703343,15.0,174.8,73.9
474,40.41545,-3.703327,15.0,174.8,73.8
475,40.415315,-3.703311,15.0,174.8,73.7
476,40.415181,-3.703295,15.0,174.8,73.5
477,40.415047,-3.703279,15.0,174.8,73.4
478,40.414913,-3.703263,15.0,174.8,73.3
479,40.414779,-3.703247,15.0,174.8,73.2
480,40.414644,-3.703231,15.0,174.8,73.0
481,40.41451,-3.703216,15.0,174.8,72.9
482,40.414376,-3.7032,15.0,174.8,72.8
483,40.414242,-3.703184,15.0,174.8,72.7
484,40.414108,-3.703168,15.0,174.8,72.5
485,40.413974,-3.703152,15.0,174.8,72.4
486,40.413839,-3.703136,15.0,174.8,72.3
487,40.413705,-3.70312,15.0,174.8,72.2
488,40.413571,-3.703104,15.0,174.8,72.0
489,40.413437,-3.703088,15.0,174.8,71.9
490,40.413303,-3.703072,15.0,174.8,71.8
491,40.413168,-3.703056,15.0,174.8,71.6
492,40.413034,-3.70304,15.0,174.8,71.5
493,40.4129,-3.703024,15.0,174.8,71.4
494,40.412766,-3.703008,15.0,174.8,71.3
495,40.41268,-3.702913,12.42,139.9,71.1
496,40.412642,-3.702744,15.0,106.6,71.0
497,40.412603,-3.702574,15.0,106.6,70.9
498,40.412565,-3.702405,15.0,106.6,70.7
499,40.412526,-3.702235,15.0,106.6,70.6
500,40.412488,-3.702066,15.0,106.6,70.5
501,40.412449,-3.701896,15.0,106.6,70.4
502,40.412411,-3.701726,15.0,106.6,70.2
503,40.412372,-3.701557,15.0,106.6,70.1
504,40.412333,-3.701387,15.0,106.6,70.0
505,40.412295,-3.701218,15.0,106.6,69.8
506,40.412256,-3.701048,15.0,106.6,69.7
507,40.412218,-3.700879,15.0,106.6,69.6
508,40.412179,-3.700709,15.0,106.6,69.4
509,40.412141,-3.700539,15.0,106.6,69.3
510,40.412102,-3.70037,15.0,106.6,69.2
511,40.412064,-3.7002,15.0,106.6,69.0
512,40.412025,-3.700031,15.0,106.6,68.9
513,40.411987,-3.699861,15.0,106.6,68.8
514,40.411948,-3.699691,15.0,106.6,68.6
515,40.41191,-3.699522,15.0,106.6,68.5
516,40.411871,-3.699352,15.0,106.6,68.4
517,40.411832,-3.699183,15.0,106.6,68.2
518,40.411794,-3.699013,15.0,106.6,68.1
519,40.411755,-3.698844,15.0,106.6,68.0
520,40.411717,-3.698674,15.0,106.6,67.8
521,40.411657,-3.698518,14.82,116.7,67.7
522,40.41158,-3.698372,15.0,124.6,67.5
523,40.411504,-3.698226,15.0,124.6,67.4
524,40.411428,-3.698081,15.0,124.6,67.3
525,40.411351,-3.697935,15.0,124.6,67.1
526,40.411275,-3.697789,15.0,124.6,67.0
527,40.411198,-3.697643,15.0,124.6,66.9
528,40.411122,-3.697498,15.0,124.6,66.7
529,40.411045,-3.697352,15.0,124.6,66.6
530,40.410969,-3.697206,15.0,124.6,66.4
531,40.410892,-3.697061,15.0,124.6,66.3
532,40.410816,-3.696915,15.0,124.6,66.2
533,40.41074,-3.696769,15.0,124.6,66.0
534,40.410663,-3.696623,15.0,124.6,65.9
535,40.410587,-3.696478,15.0,124.6,65.8
536,40.41051,-3.696332,15.0,124.6,65.6
537,40.410434,-3.696186,15.0,124.6,65.5
538,40.410357,-3.69604,15.0,124.6,65.3
539,40.410281,-3.695895,15.0,124.6,65.2
540,40.410204,-3.695749,15.0,124.6,65.1
541,40.410128,-3.695603,15.0,124.6,64.9
542,40.410051,-3.695458,15.0,124.6,64.8
543,40.409975,-3.695312,15.0,124.6,64.6
544,40.409899,-3.695166,15.0,124.6,64.5
545,40.409822,-3.69502,15.0,124.6,64.4
546,40.409746,-3.694875,15.0,124.6,64.2
547,40.409669,-3.694729,15.0,124.6,64.1
548,40.409593,-3.694583,15.0,124.6,63.9
549,40.409516,-3.694437,15.0,124.6,63.8
550,40.40944,-3.694292,15.0,124.6,63.7
551,40.409363,-3.694146,15.0,124.6,63.5
552,40.409287,-3.694,15.0,124.6,63.4
553,40.409211,-3.693854,15.0,124.6,63.2
554,40.409134,-3.693709,15.0,124.6,63.1
555,40.409058,-3.693563,15.0,124.6,62.9
556,40.408981,-3.693417,15.0,124.6,62.8
557,40.408905,-3.693272,15.0,124.6,62.7
558,40.408828,-3.693126,15.0,124.6,62.5
559,40.408752,-3.69298,15.0,124.6,62.4
560,40.408675,-3.692834,15.0,124.6,62.2
561,40.408599,-3.692689,15.0,124.6,62.1
562,40.408523,-3.692543,15.0,124.6,62.0
563,40.408435,-3.692409,14.96,130.8,61.8
564,40.408342,-3.692281,15.0,133.3,61.7
565,40.40825,-3.692152,15.0,133.3,61.5
566,40.408157,-3.692023,15.0,133.3,61.4
567,40.408065,-3.691894,15.0,133.3,61.2
568,40.407972,-3.691766,15.0,133.3,61.1
569,40.40788,-3.691637,15.0,133.3,60.9
570,40.407787,-3.691508,15.0,133.3,60.8
571,40.407695,-3.69138,15.0,133.3,60.7
572,40.407602,-3.691251,15.0,133.3,60.5
573,40.40751,-3.691122,15.0,133.3,60.4
574,40.407417,-3.690994,15.0,133.3,60.2
575,40.407325,-3.690865,15.0,133.3,60.1
576,40.407232,-3.690736,15.0,133.3,59.9
577,40.40714,-3.690608,15.0,133.3,59.8
578,40.407047,-3.690479,15.0,133.3,59.7
579,40.406955,-3.69035,15.0,133.3,59.5
580,40.406862,-3.690222,15.0,133.3,59.4
581,40.40677,-3.690093,15.0,133.3,59.2
582,40.406677,-3.689964,15.0,133.3,59.1
583,40.406585,-3.689835,15.0,133.3,58.9
584,40.406492,-3.689707,15.0,133.3,58.8
585,40.4064,-3.689578,15.0,133.3,58.6
586,40.406307,-3.689449,15.0,133.3,58.5
587,40.406215,-3.689321,15.0,133.3,58.3
588,40.406226,-3.689155,14.06,85.1,58.2
589,40.406256,-3.688983,15.0,76.8,58.1
590,40.406287,-3.688811,15.0,76.8,57.9
591,40.406318,-3.688638,15.0,76.8,57.8
592,40.406348,-3.688466,15.0,76.8,57.6
593,40.406379,-3.688294,15.0,76.8,57.5
594,40.40641,-3.688122,15.0,76.8,57.3
595,40.40644,-3.687949,15.0,76.8,57.2
596,40.406471,-3.687777,15.0,76.8,57.0
597,40.406502,-3.687605,15.0,76.8,56.9
598,40.406532,-3.687432,15.0,76.8,56.7
599,40.406563,-3.68726,15.0,76.8,56.6
600,40.406594,-3.687088,15.0,76.8,56.5
601,40.406624,-3.686915,15.0,76.8,56.3
602,40.406655,-3.686743,15.0,76.8,56.2
603,40.406686,-3.686571,15.0,76.8,56.0
604,40.406716,-3.686398,15.0,76.8,55.9
605,40.406747,-3.686226,15.0,76.8,55.7
606,40.406778,-3.686054,15.0,76.8,55.6
607,40.406808,-3.685881,15.0,76.8,55.4
608,40.406839,-3.685709,15.0,76.8,55.3
609,40.40687,-3.685537,15.0,76.8,55.1
610,40.4069,-3.685365,15.0,76.8,55.0
611,40.406931,-3.685192,15.0,76.8,54.9
612,40.406962,-3.68502,15.0,76.8,54.7
613,40.406992,-3.684848,15.0,76.8,54.6
614,40.407023,-3.684675,15.0,76.8,54.4
615,40.407054,-3.684503,15.0,76.8,54.3
616,40.407084,-3.684331,15.0,76.8,54.1
617,40.407115,-3.684158,15.0,76.8,54.0
618,40.407146,-3.683986,15.0,76.8,53.8
619,40.407176,-3.683814,15.0,76.8,53.7
620,40.407207,-3.683641,15.0,76.8,53.5
621,40.407238,-3.683469,15.0,76.8,53.4
622,40.407268,-3.683297,15.0,76.8,53.2
623,40.407299,-3.683124,15.0,76.8,53.1
624,40.40733,-3.682952,15.0,76.8,53.0
625,40.40736,-3.68278,15.0,76.8,52.8
626,40.407391,-3.682608,15.0,76.8,52.7
627,40.407422,-3.682435,15.0,76.8,52.5
628,40.407452,-3.682263,15.0,76.8,52.4
629,40.407483,-3.682091,15.0,76.8,52.2
630,40.407514,-3.681918,15.0,76.8,52.1
631,40.407544,-3.681746,15.0,76.8,51.9
632,40.407575,-3.681574,15.0,76.8,51.8
633,40.407606,-3.681401,15.0,76.8,51.6
634,40.407636,-3.681229,15.0,76.8,51.5
635,40.407667,-3.681057,15.0,76.8,51.4
636,40.407698,-3.680884,15.0,76.8,51.2
637,40.407728,-3.680712,15.0,76.8,51.1
638,40.407759,-3.68054,15.0,76.8,50.9
639,40.40779,-3.680367,15.0,76.8,50.8
640,40.40782,-3.680195,15.0,76.8,50.6
641,40.407851,-3.680023,15.0,76.8,50.5
642,40.407882,-3.679851,15.0,76.8,50.3
643,40.407912,-3.679678,15.0,76.8,50.2
644,40.407943,-3.679506,15.0,76.8,50.1
645,40.407974,-3.679334,15.0,76.8,49.9
646,40.408004,-3.679161,15.0,76.8,49.8
647,40.408035,-3.678989,15.0,76.8,49.6
648,40.408066,-3.678817,15.0,76.8,49.5
649,40.408096,-3.678644,15.0,76.8,49.3
650,40.408127,-3.678472,15.0,76.8,49.2
651,40.408158,-3.6783,15.0,76.8,49.0
652,40.408188,-3.678127,15.0,76.8,48.9
653,40.408219,-3.677955,15.0,76.8,48.8
654,40.40825,-3.677783,15.0,76.8,48.6
655,40.40828,-3.67761,15.0,76.8,48.5
656,40.408252,-3.677499,9.95,108.7,48.3
657,40.408117,-3.677497,15.0,179.4,48.2
658,40.407982,-3.677496,15.0,179.4,48.0
659,40.407847,-3.677494,15.0,179.4,47.9
660,40.407713,-3.677492,15.0,179.4,47.8
661,40.407578,-3.67749,15.0,179.4,47.6
662,40.407443,-3.677488,15.0,179.4,47.5
663,40.407308,-3.677486,15.0,179.4,47.3
664,40.407174,-3.677484,15.0,179.4,47.2
665,40.407039,-3.677482,15.0,179.4,47.0
666,40.406904,-3.67748,15.0,179.4,46.9
667,40.406769,-3.677478,15.0,179.4,46.8
668,40.406635,-3.677477,15.0,179.4,46.6
669,40.4065,-3.677475,15.0,179.4,46.5
670,40.406365,-3.677473,15.0,179.4,46.3
671,40.406231,-3.677471,15.0,179.4,46.2
672,40.406096,-3.677469,15.0,179.4,46.1
673,40.405961,-3.677467,15.0,179.4,45.9
674,40.405826,-3.677465,15.0,179.4,45.8
675,40.405692,-3.677463,15.0,179.4,45.6
676,40.405557,-3.677461,15.0,179.4,45.5
677,40.405422,-3.677459,15.0,179.4,45.4
678,40.405287,-3.677458,15.0,179.4,45.2
679,40.405153,-3.677456,15.0,179.4,45.1
680,40.405018,-3.677454,15.0,179.4,44.9
681,40.404883,-3.677452,15.0,179.4,44.8
682,40.404748,-3.67745,15.0,179.4,44.7
683,40.404614,-3.677448,15.0,179.4,44.5
684,40.404479,-3.677446,15.0,179.4,44.4
685,40.404344,-3.677444,15.0,179.4,44.2
686,40.404209,-3.677442,15.0,179.4,44.1
687,40.404075,-3.67744,15.0,179.4,44.0
688,40.40394,-3.677439,15.0,179.4,43.8
689,40.403805,-3.677437,15.0,179.4,43.7
690,40.40367,-3.677435,15.0,179.4,43.5
691,40.403536,-3.677433,15.0,179.4,43.4
692,40.403401,-3.677431,15.0,179.4,43.3
693,40.403266,-3.677429,15.0,179.4,43.1
694,40.403132,-3.677427,15.0,179.4,43.0
695,40.402997,-3.677425,15.0,179.4,42.9
696,40.402862,-3.677423,15.0,179.4,42.7
697,40.402727,-3.677422,15.0,179.4,42.6
698,40.402593,-3.67742,15.0,179.4,42.4
699,40.402458,-3.677418,15.0,179.4,42.3
700,40.402323,-3.677416,15.0,179.4,42.2
701,40.402188,-3.677414,15.0,179.4,42.0
702,40.402054,-3.677412,15.0,179.4,41.9
703,40.401919,-3.67741,15.0,179.4,41.8
704,40.401784,-3.677408,15.0,179.4,41.6
705,40.401649,-3.677406,15.0,179.4,41.5
706,40.401515,-3.677404,15.0,179.4,41.4
707,40.40138,-3.677403,15.0,179.4,41.2
708,40.401245,-3.677401,15.0,179.4,41.1
709,40.40129,-3.677401,4.94,359.4,41.0
710,40.401424,-3.677403,15.0,359.4,40.8
711,40.401559,-3.677405,15.0,359.4,40.7
712,40.401694,-3.677407,15.0,359.4,40.6
713,40.401828,-3.677409,15.0,359.4,40.4
714,40.401963,-3.677411,15.0,359.4,40.3
715,40.402098,-3.677413,15.0,359.4,40.2
716,40.402233,-3.677415,15.0,359.4,40.0
717,40.402367,-3.677416,15.0,359.4,39.9
718,40.402502,-3.677418,15.0,359.4,39.8
719,40.402637,-3.67742,15.0,359.4,39.6
720,40.402772,-3.677422,15.0,359.4,39.5
721,40.402906,-3.677424,15.0,359.4,39.4
722,40.403041,-3.677426,15.0,359.4,39.3
723,40.403176,-3.677428,15.0,359.4,39.1
724,40.403311,-3.67743,15.0,359.4,39.0
725,40.403445,-3.677432,15.0,359.4,38.9
726,40.40358,-3.677434,15.0,359.4,38.7
727,40.403715,-3.677435,15.0,359.4,38.6
728,40.40385,-3.677437,15.0,359.4,38.5
729,40.403984,-3.677439,15.0,359.4,38.3
730,40.404119,-3.677441,15.0,359.4,38.2
731,40.404254,-3.677443,15.0,359.4,38.1
732,40.404389,-3.677445,15.0,359.4,38.0
733,40.404523,-3.677447,15.0,359.4,37.8
734,40.404658,-3.677449,15.0,359.4,37.7
735,40.404793,-3.677451,15.0,359.4,37.6
736,40.404927,-3.677452,15.0,359.4,37.5
737,40.405062,-3.677454,15.0,359.4,37.3
738,40.405197,-3.677456,15.0,359.4,37.2
739,40.405332,-3.677458,15.0,359.4,37.1
740,40.405466,-3.67746,15.0,359.4,37.0
741,40.405601,-3.677462,15.0,359.4,36.8
742,40.405736,-3.677464,15.0,359.4,36.7
743,40.405871,-3.677466,15.0,359.4,36.6
744,40.406005,-3.677468,15.0,359.4,36.5
745,40.40614,-3.67747,15.0,359.4,36.3
746,40.406275,-3.677471,15.0,359.4,36.2
747,40.40641,-3.677473,15.0,359.4,36.1
748,40.406544,-3.677475,15.0,359.4,36.0
749,40.406679,-3.677477,15.0,359.4,35.8
750,40.406814,-3.677479,15.0,359.4,35.7
751,40.406949,-3.677481,15.0,359.4,35.6
752,40.407083,-3.677483,15.0,359.4,35.5
753,40.407218,-3.677485,15.0,359.4,35.4
754,40.407353,-3.677487,15.0,359.4,35.2
755,40.407488,-3.677489,15.0,359.4,35.1
756,40.407622,-3.67749,15.0,359.4,35.0
757,40.407757,-3.677492,15.0,359.4,34.9
758,40.407892,-3.677494,15.0,359.4,34.8
759,40.408026,-3.677496,15.0,359.4,34.6
760,40.408161,-3.677498,15.0,359.4,34.5
761,40.408296,-3.6775,15.0,359.4,34.4
762,40.40827,-3.677667,14.46,258.6,34.3
763,40.40824,-3.677839,15.0,256.8,34.2
764,40.408209,-3.678012,15.0,256.8,34.0
765,40.408178,-3.678184,15.0,256.8,33.9
766,40.408148,-3.678356,15.0,256.8,33.8
767,40.408117,-3.678529,15.0,256.8,33.7
768,40.408086,-3.678701,15.0,256.8,33.6
769,40.408056,-3.678873,15.0,256.8,33.5
770,40.408025,-3.679046,15.0,256.8,33.4
771,40.407994,-3.679218,15.0,256.8,33.2
772,40.407964,-3.67939,15.0,256.8,33.1
773,40.407933,-3.679563,15.0,256.8,33.0
774,40.407902,-3.679735,15.0,256.8,32.9
775,40.407872,-3.679907,15.0,256.8,32.8
776,40.407841,-3.68008,15.0,256.8,32.7
777,40.40781,-3.680252,15.0,256.8,32.6
778,40.40778,-3.680424,15.0,256.8,32.5
779,40.407749,-3.680596,15.0,256.8,32.3
780,40.407718,-3.680769,15.0,256.8,32.2
781,40.407688,-3.680941,15.0,256.8,32.1
782,40.407657,-3.681113,15.0,256.8,32.0
783,40.407626,-3.681286,15.0,256.8,31.9
784,40.407596,-3.681458,15.0,256.8,31.8
785,40.407565,-3.68163,15.0,256.8,31.7
786,40.407534,-3.681803,15.0,256.8,31.6
787,40.407504,-3.681975,15.0,256.8,31.5
788,40.407473,-3.682147,15.0,256.8,31.4
789,40.407442,-3.68232,15.0,256.8,31.2
790,40.407412,-3.682492,15.0,256.8,31.1
791,40.407381,-3.682664,15.0,256.8,31.0
792,40.40735,-3.682837,15.0,256.8,30.9
793,40.40732,-3.683009,15.0,256.8,30.8
794,40.407289,-3.683181,15.0,256.8,30.7
795,40.407258,-3.683353,15.0,256.8,30.6
796,40.407228,-3.683526,15.0,256.8,30.5
797,40.407197,-3.683698,15.0,256.8,30.4
798,40.407166,-3.68387,15.0,256.8,30.3
799,40.407136,-3.684043,15.0,256.8,30.2
800,40.407105,-3.684215,15.0,256.8,30.1
801,40.407074,-3.684387,15.0,256.8,30.0
802,40.407044,-3.68456,15.0,256.8,29.9
803,40.407013,-3.684732,15.0,256.8,29.8
804,40.406982,-3.684904,15.0,256.8,29.7
805,40.406952,-3.685077,15.0,256.8,29.6
806,40.406921,-3.685249,15.0,256.8,29.5
807,40.40689,-3.685421,15.0,256.8,29.4
808,40.40686,-3.685594,15.0,256.8,29.3
809,40.406829,-3.685766,15.0,256.8,29.2
810,40.406798,-3.685938,15.0,256.8,29.1
811,40.406768,-3.68611,15.0,256.8,29.0
812,40.406737,-3.686283,15.0,256.8,28.9
813,40.406706,-3.686455,15.0,256.8,28.8
814,40.406676,-3.686627,15.0,256.8,28.7
815,40.406645,-3.6868,15.0,256.8,28.6
816,40.406614,-3.686972,15.0,256.8,28.5
817,40.406584,-3.687144,15.0,256.8,28.4
818,40.406553,-3.687317,15.0,256.8,28.3
819,40.406522,-3.687489,15.0,256.8,28.2
820,40.406492,-3.687661,15.0,256.8,28.1
821,40.406461,-3.687834,15.0,256.8,28.0
822,40.40643,-3.688006,15.0,256.8,27.9
823,40.4064,-3.688178,15.0,256.8,27.9
824,40.406369,-3.688351,15.0,256.8,27.8
825,40.406338,-3.688523,15.0,256.8,27.7
826,40.406308,-3.688695,15.0,256.8,27.6
827,40.406277,-3.688867,15.0,256.8,27.5
828,40.406246,-3.68904,15.0,256.8,27.4
829,40.406216,-3.689212,15.0,256.8,27.3
830,40.406245,-3.689363,13.21,284.5,27.2
831,40.406338,-3.689492,15.0,313.3,27.1
832,40.40643,-3.68962,15.0,313.3,27.0
833,40.406523,-3.689749,15.0,313.3,27.0
834,40.406615,-3.689878,15.0,313.3,26.9
835,40.406708,-3.690006,15.0,313.3,26.8
836,40.4068,-3.690135,15.0,313.3,26.7
837,40.406893,-3.690264,15.0,313.3,26.6
838,40.406985,-3.690393,15.0,313.3,26.5
839,40.407078,-3.690521,15.0,313.3,26.4
840,40.40717,-3.69065,15.0,313.3,26.4
841,40.407263,-3.690779,15.0,313.3,26.3
842,40.407355,-3.690907,15.0,313.3,26.2
843,40.407448,-3.691036,15.0,313.3,26.1
844,40.40754,-3.691165,15.0,313.3,26.0
845,40.407633,-3.691293,15.0,313.3,25.9
846,40.407725,-3.691422,15.0,313.3,25.9
847,40.407818,-3.691551,15.0,313.3,25.8
848,40.40791,-3.691679,15.0,313.3,25.7
849,40.408003,-3.691808,15.0,313.3,25.6
850,40.408095,-3.691937,15.0,313.3,25.5
851,40.408188,-3.692065,15.0,313.3,25.5
852,40.40828,-3.692194,15.0,313.3,25.4
853,40.408373,-3.692323,15.0,313.3,25.3
854,40.408465,-3.692452,15.0,313.3,25.2
855,40.408548,-3.692591,14.96,307.9,25.2
856,40.408624,-3.692737,15.0,304.6,25.1
857,40.408701,-3.692882,15.0,304.6,25.0
858,40.408777,-3.693028,15.0,304.6,24.9
859,40.408853,-3.693174,15.0,304.6,24.9
860,40.40893,-3.69332,15.0,304.6,24.8
861,40.409006,-3.693465,15.0,304.6,24.7
862,40.409083,-3.693611,15.0,304.6,24.6
863,40.409159,-3.693757,15.0,304.6,24.6
864,40.409236,-3.693902,15.0,304.6,24.5
865,40.409312,-3.694048,15.0,304.6,24.4
866,40.409389,-3.694194,15.0,304.6,24.4
867,40.409465,-3.69434,15.0,304.6,24.3
868,40.409541,-3.694485,15.0,304.6,24.2
869,40.409618,-3.694631,15.0,304.6,24.1
870,40.409694,-3.694777,15.0,304.6,24.1
871,40.409771,-3.694923,15.0,304.6,24.0
872,40.409847,-3.695068,15.0,304.6,23.9
873,40.409924,-3.695214,15.0,304.6,23.9
874,40.41,-3.69536,15.0,304.6,23.8
875,40.410077,-3.695505,15.0,304.6,23.7
876,40.410153,-3.695651,15.0,304.6,23.7
877,40.41023,-3.695797,15.0,304.6,23.6
878,40.410306,-3.695943,15.0,304.6,23.5
879,40.410382,-3.696088,15.0,304.6,23.5
880,40.410459,-3.696234,15.0,304.6,23.4
881,40.410535,-3.69638,15.0,304.6,23.4
882,40.410612,-3.696526,15.0,304.6,23.3
883,40.410688,-3.696671,15.0,304.6,23.2
884,40.410765,-3.696817,15.0,304.6,23.2
885,40.410841,-3.696963,15.0,304.6,23.1
886,40.410918,-3.697109,15.0,304.6,23.1
887,40.410994,-3.697254,15.0,304.6,23.0
888,40.41107,-3.6974,15.0,304.6,22.9
889,40.411147,-3.697546,15.0,304.6,22.9
890,40.411223,-3.697691,15.0,304.6,22.8
891,40.4113,-3.697837,15.0,304.6,22.8
892,40.411376,-3.697983,15.0,304.6,22.7
893,40.411453,-3.698129,15.0,304.6,22.6
894,40.411529,-3.698274,15.0,304.6,22.6
895,40.411606,-3.69842,15.0,304.6,22.5
896,40.411682,-3.698566,15.0,304.6,22.5
897,40.41173,-3.69873,14.87,290.8,22.4
898,40.411768,-3.698899,15.0,286.6,22.4
899,40.411807,-3.699069,15.0,286.6,22.3
900,40.411845,-3.699239,15.0,286.6,22.3
901,40.411884,-3.699408,15.0,286.6,22.2
902,40.411922,-3.699578,15.0,286.6,22.2
903,40.411961,-3.699747,15.0,286.6,22.1
904,40.411999,-3.699917,15.0,286.6,22.1
905,40.412038,-3.700086,15.0,286.6,22.0
906,40.412076,-3.700256,15.0,286.6,22.0
907,40.412115,-3.700426,15.0,286.6,21.9
908,40.412153,-3.700595,15.0,286.6,21.9
909,40.412192,-3.700765,15.0,286.6,21.8
910,40.412231,-3.700934,15.0,286.6,21.8
911,40.412269,-3.701104,15.0,286.6,21.7
912,40.412308,-3.701274,15.0,286.6,21.7
913,40.412346,-3.701443,15.0,286.6,21.6
914,40.412385,-3.701613,15.0,286.6,21.6
915,40.412423,-3.701782,15.0,286.6,21.6
916,40.412462,-3.701952,15.0,286.6,21.5
917,40.4125,-3.702121,15.0,286.6,21.5
918,40.412539,-3.702291,15.0,286.6,21.4
919,40.412577,-3.702461,15.0,286.6,21.4
920,40.412616,-3.70263,15.0,286.6,21.4
921,40.412654,-3.7028,15.0,286.6,21.3
922,40.412693,-3.702969,15.0,286.6,21.3
923,40.41281,-3.703013,13.53,344.1,21.2
924,40.412944,-3.703029,15.0,354.8,21.2
925,40.413078,-3.703045,15.0,354.8,21.2
926,40.413212,-3.703061,15.0,354.8,21.1
927,40.413347,-3.703077,15.0,354.8,21.1
928,40.413481,-3.703093,15.0,354.8,21.1
929,40.413615,-3.703109,15.0,354.8,21.0
930,40.413749,-3.703125,15.0,354.8,21.0
931,40.413883,-3.703141,15.0,354.8,20.9
932,40.414018,-3.703157,15.0,354.8,20.9
933,40.414152,-3.703173,15.0,354.8,20.9
934,40.414286,-3.703189,15.0,354.8,20.8
935,40.41442,-3.703205,15.0,354.8,20.8
936,40.414554,-3.703221,15.0,354.8,20.8
937,40.414689,-3.703237,15.0,354.8,20.8
938,40.414823,-3.703253,15.0,354.8,20.7
939,40.414957,-3.703269,15.0,354.8,20.7
940,40.415091,-3.703285,15.0,354.8,20.7
941,40.415225,-3.703301,15.0,354.8,20.6
942,40.41536,-3.703317,15.0,354.8,20.6
943,40.415494,-3.703333,15.0,354.8,20.6
944,40.415628,-3.703349,15.0,354.8,20.6
945,40.415762,-3.703365,15.0,354.8,20.5
946,40.415896,-3.703381,15.0,354.8,20.5
947,40.416031,-3.703397,15.0,354.8,20.5
948,40.416165,-3.703412,15.0,354.8,20.5
949,40.416299,-3.703428,15.0,354.8,20.4
950,40.416433,-3.703444,15.0,354.8,20.4
951,40.416567,-3.70346,15.0,354.8,20.4
952,40.416702,-3.703476,15.0,354.8,20.4
953,40.416836,-3.703492,15.0,354.8,20.4
954,40.416964,-3.703462,14.51,10.2,20.3
955,40.417087,-3.703389,15.0,24.3,20.3
956,40.41721,-3.703316,15.0,24.3,20.3
957,40.417332,-3.703243,15.0,24.3,20.3
958,40.417455,-3.70317,15.0,24.3,20.3
959,40.417578,-3.703097,15.0,24.3,20.2
960,40.417701,-3.703025,15.0,24.3,20.2
961,40.417824,-3.702952,15.0,24.3,20.2
962,40.417946,-3.702879,15.0,24.3,20.2
963,40.418069,-3.702806,15.0,24.3,20.2
964,40.418192,-3.702733,15.0,24.3,20.2
965,40.418315,-3.70266,15.0,24.3,20.1
966,40.418437,-3.702587,15.0,24.3,20.1
967,40.41856,-3.702514,15.0,24.3,20.1
968,40.418683,-3.702441,15.0,24.3,20.1
969,40.418806,-3.702368,15.0,24.3,20.1
970,40.418929,-3.702296,15.0,24.3,20.1
971,40.419051,-3.702223,15.0,24.3,20.1
972,40.419174,-3.70215,15.0,24.3,20.1
973,40.419297,-3.702077,15.0,24.3,20.1
974,40.41942,-3.702004,15.0,24.3,20.1
975,40.419543,-3.701931,15.0,24.3,20.0
976,40.419665,-3.701858,15.0,24.3,20.0
977,40.419788,-3.701785,15.0,24.3,20.0
978,40.419911,-3.701712,15.0,24.3,20.0
979,40.420034,-3.701639,15.0,24.3,20.0
980,40.420162,-3.701592,14.8,15.7,20.0
981,40.420296,-3.701575,15.0,5.5,20.0
982,40.42043,-3.701558,15.0,5.5,20.0
983,40.420564,-3.701541,15.0,5.5,20.0
984,40.420698,-3.701524,15.0,5.5,20.0
985,40.420832,-3.701507,15.0,5.5,20.0
986,40.420966,-3.70149,15.0,5.5,20.0
987,40.421101,-3.701473,15.0,5.5,20.0
988,40.421235,-3.701456,15.0,5.5,20.0
989,40.421369,-3.701439,15.0,5.5,20.0
990,40.421503,-3.701421,15.0,5.5,20.0
991,40.421637,-3.701404,15.0,5.5,20.0
992,40.421771,-3.701387,15.0,5.5,20.0
993,40.421905,-3.70137,15.0,5.5,20.0
994,40.422039,-3.701353,15.0,5.5,20.0
995,40.422173,-3.701336,15.0,5.5,20.0
996,40.422308,-3.701319,15.0,5.5,20.0
997,40.422442,-3.701302,15.0,5.5,20.0
998,40.422576,-3.701285,15.0,5.5,20.0
999,40.42271,-3.701268,15.0,5.5,20.0
1000,40.422844,-3.701251,15.0,5.5,20.1
1001,40.422978,-3.701234,15.0,5.5,20.1
1002,40.423112,-3.701217,15.0,5.5,20.1
1003,40.423246,-3.7012,15.0,5.5,20.1
1004,40.423381,-3.701182,15.0,5.5,20.1
1005,40.423515,-3.701165,15.0,5.5,20.1
1006,40.423649,-3.701148,15.0,5.5,20.1
1007,40.423783,-3.701131,15.0,5.5,20.1
1008,40.423917,-3.701114,15.0,5.5,20.1
1009,40.424051,-3.701097,15.0,5.5,20.1
1010,40.424185,-3.70108,15.0,5.5,20.2
1011,40.424319,-3.701063,15.0,5.5,20.2
1012,40.424453,-3.701046,15.0,5.5,20.2
1013,40.424588,-3.701029,15.0,5.5,20.2
1014,40.424722,-3.701012,15.0,5.5,20.2
1015,40.424856,-3.700995,15.0,5.5,20.2
1016,40.42499,-3.700978,15.0,5.5,20.3
1017,40.425124,-3.700961,15.0,5.5,20.3
1018,40.425258,-3.700944,15.0,5.5,20.3
1019,40.425392,-3.700926,15.0,5.5,20.3
1020,40.425526,-3.700909,15.0,5.5,20.3
1021,40.425661,-3.700908,14.93,0.4,20.4
1022,40.425795,-3.700926,15.0,354.1,20.4
1023,40.425929,-3.700944,15.0,354.1,20.4
1024,40.426063,-3.700963,15.0,354.1,20.4
1025,40.426197,-3.700981,15.0,354.1,20.4
1026,40.426331,-3.700999,15.0,354.1,20.5
1027,40.426465,-3.701017,15.0,354.1,20.5
1028,40.426599,-3.701035,15.0,354.1,20.5
1029,40.426733,-3.701053,15.0,354.1,20.5
1030,40.426867,-3.701071,15.0,354.1,20.6
1031,40.427001,-3.701089,15.0,354.1,20.6
1032,40.427135,-3.701107,15.0,354.1,20.6
1033,40.427269,-3.701126,15.0,354.1,20.6
1034,40.427403,-3.701144,15.0,354.1,20.7
1035,40.427537,-3.701162,15.0,354.1,20.7
1036,40.427671,-3.70118,15.0,354.1,20.7
1037,40.427805,-3.701198,15.0,354.1,20.8
1038,40.427939,-3.701216,15.0,354.1,20.8
1039,40.428073,-3.701234,15.0,354.1,20.8
1040,40.428207,-3.701252,15.0,354.1,20.9
1041,40.428341,-3.70127,15.0,354.1,20.9
1042,40.428475,-3.701289,15.0,354.1,20.9
1043,40.428609,-3.701307,15.0,354.1,20.9
1044,40.428743,-3.701325,15.0,354.1,21.0
1045,40.428877,-3.701343,15.0,354.1,21.0
1046,40.429011,-3.701361,15.0,354.1,21.1
1047,40.429146,-3.701379,15.0,354.1,21.1
1048,40.42928,-3.701397,15.0,354.1,21.1
1049,40.429411,-3.701367,14.9,9.9,21.2
1050,40.429543,-3.701328,15.0,12.7,21.2
1051,40.429674,-3.70129,15.0,12.7,21.2
1052,40.429806,-3.701251,15.0,12.7,21.3
1053,40.429937,-3.701212,15.0,12.7,21.3
1054,40.430069,-3.701173,15.0,12.7,21.4
1055,40.4302,-3.701134,15.0,12.7,21.4
1056,40.430332,-3.701096,15.0,12.7,21.4
1057,40.430463,-3.701057,15.0,12.7,21.5
1058,40.430595,-3.701018,15.0,12.7,21.5
1059,40.430726,-3.700979,15.0,12.7,21.6
1060,40.430858,-3.70094,15.0,12.7,21.6
1061,40.430989,-3.700902,15.0,12.7,21.7
1062,40.431121,-3.700863,15.0,12.7,21.7
1063,40.431252,-3.700824,15.0,12.7,21.7
1064,40.431384,-3.700785,15.0,12.7,21.8
1065,40.431515,-3.700746,15.0,12.7,21.8
1066,40.431646,-3.700708,15.0,12.7,21.9
1067,40.431778,-3.700669,15.0,12.7,21.9
1068,40.431909,-3.70063,15.0,12.7,22.0
1069,40.432041,-3.700591,15.0,12.7,22.0
1070,40.432172,-3.700552,15.0,12.7,22.1
1071,40.432304,-3.700514,15.0,12.7,22.1
1072,40.432435,-3.700475,15.0,12.7,22.2
1073,40.432567,-3.700436,15.0,12.7,22.2
1074,40.432698,-3.700397,15.0,12.7,22.3
1075,40.43283,-3.700358,15.0,12.7,22.3
1076,40.432961,-3.70032,15.0,12.7,22.4
1077,40.433093,-3.700281,15.0,12.7,22.4
1078,40.433224,-3.700242,15.0,12.7,22.5
1079,40.433356,-3.700203,15.0,12.7,22.5
1080,40.433487,-3.700164,15.0,12.7,22.6
1081,40.433619,-3.700126,15.0,12.7,22.7
1082,40.43375,-3.700087,15.0,12.7,22.7
1083,40.433881,-3.700048,15.0,12.7,22.8
1084,40.434013,-3.700009,15.0,12.7,22.8
1085,40.434144,-3.699971,15.0,12.7,22.9
1086,40.434276,-3.699932,15.0,12.7,22.9
1087,40.434407,-3.699893,15.0,12.7,23.0
1088,40.434539,-3.699854,15.0,12.7,23.1
1089,40.43467,-3.699815,15.0,12.7,23.1
1090,40.434802,-3.699777,15.0,12.7,23.2
1091,40.434933,-3.699738,15.0,12.7,23.2
1092,40.435065,-3.699699,15.0,12.7,23.3
1093,40.435196,-3.69966,15.0,12.7,23.4
1094,40.435328,-3.699621,15.0,12.7,23.4
1095,40.435459,-3.699616,14.66,1.7,23.5
1096,40.435591,-3.699652,15.0,348.2,23.5
1097,40.435723,-3.699689,15.0,348.2,23.6
1098,40.435855,-3.699725,15.0,348.2,23.7
1099,40.435987,-3.699761,15.0,348.2,23.7
1100,40.436119,-3.699797,15.0,348.2,23.8
1101,40.436251,-3.699833,15.0,348.2,23.9
1102,40.436383,-3.699869,15.0,348.2,23.9
1103,40.436515,-3.699906,15.0,348.2,24.0
1104,40.436646,-3.699942,15.0,348.2,24.1
1105,40.436778,-3.699978,15.0,348.2,24.1
1106,40.43691,-3.700014,15.0,348.2,24.2
1107,40.437042,-3.70005,15.0,348.2,24.3
1108,40.437174,-3.700086,15.0,348.2,24.4
1109,40.437306,-3.700123,15.0,348.2,24.4
1110,40.437438,-3.700159,15.0,348.2,24.5
1111,40.43757,-3.700195,15.0,348.2,24.6
1112,40.437702,-3.700231,15.0,348.2,24.6
1113,40.437834,-3.700267,15.0,348.2,24.7
1114,40.437966,-3.700303,15.0,348.2,24.8
1115,40.438097,-3.70034,15.0,348.2,24.9
1116,40.438229,-3.700376,15.0,348.2,24.9
1117,40.438361,-3.700412,15.0,348.2,25.0
1118,40.438493,-3.700448,15.0,348.2,25.1
1119,40.438625,-3.700484,15.0,348.2,25.2
1120,40.438757,-3.70052,15.0,348.2,25.2
1121,40.438889,-3.700557,15.0,348.2,25.3
1122,40.439021,-3.700593,15.0,348.2,25.4
1123,40.439153,-3.700629,15.0,348.2,25.5
1124,40.439285,-3.700665,15.0,348.2,25.6
1125,40.439416,-3.700701,15.0,348.2,25.6
1126,40.439548,-3.700737,15.0,348.2,25.7
1127,40.43968,-3.700774,15.0,348.2,25.8
1128,40.439812,-3.70081,15.0,348.2,25.9
1129,40.439944,-3.700846,15.0,348.2,26.0
1130,40.440076,-3.700882,15.0,348.2,26.0
1131,40.440208,-3.700918,15.0,348.2,26.1
1132,40.44034,-3.700954,15.0,348.2,26.2
1133,40.440472,-3.700991,15.0,348.2,26.3
1134,40.440604,-3.701027,15.0,348.2,26.4
1135,40.440736,-3.701063,15.0,348.2,26.4
1136,40.440867,-3.701099,15.0,348.2,26.5
1137,40.440999,-3.701135,15.0,348.2,26.6
1138,40.441131,-3.701171,15.0,348.2,26.7
1139,40.441263,-3.701208,15.0,348.2,26.8
1140,40.441395,-3.701244,15.0,348.2,26.9
1141,40.441527,-3.70128,15.0,348.2,27.0
1142,40.441656,-3.701327,14.96,344.5,27.1
1143,40.441783,-3.701388,15.0,339.9,27.1
1144,40.44191,-3.701449,15.0,339.9,27.2
1145,40.442036,-3.70151,15.0,339.9,27.3
1146,40.442163,-3.70157,15.0,339.9,27.4
1147,40.442289,-3.701631,15.0,339.9,27.5
1148,40.442416,-3.701692,15.0,339.9,27.6
1149,40.442542,-3.701753,15.0,339.9,27.7
1150,40.442669,-3.701814,15.0,339.9,27.8
1151,40.442795,-3.701875,15.0,339.9,27.9
1152,40.442922,-3.701936,15.0,339.9,28.0
1153,40.443048,-3.701996,15.0,339.9,28.0
1154,40.443175,-3.702057,15.0,339.9,28.1
1155,40.443302,-3.702118,15.0,339.9,28.2
1156,40.443428,-3.702179,15.0,339.9,28.3
1157,40.443555,-3.70224,15.0,339.9,28.4
1158,40.443681,-3.702301,15.0,339.9,28.5
1159,40.443808,-3.702361,15.0,339.9,28.6
1160,40.443934,-3.702422,15.0,339.9,28.7
1161,40.444061,-3.702483,15.0,339.9,28.8
1162,40.444187,-3.702544,15.0,339.9,28.9
1163,40.444314,-3.702605,15.0,339.9,29.0
1164,40.44444,-3.702666,15.0,339.9,29.1
1165,40.444567,-3.702726,15.0,339.9,29.2
1166,40.444693,-3.702787,15.0,339.9,29.3
1167,40.44482,-3.702848,15.0,339.9,29.4
1168,40.444947,-3.702909,15.0,339.9,29.5
1169,40.445073,-3.70297,15.0,339.9,29.6
1170,40.4452,-3.703031,15.0,339.9,29.7
1171,40.445326,-3.703091,15.0,339.9,29.8
1172,40.445453,-3.703152,15.0,339.9,29.9
1173,40.445579,-3.703213,15.0,339.9,30.0
1174,40.445706,-3.703274,15.0,339.9,30.1
1175,40.445832,-3.703335,15.0,339.9,30.2
1176,40.445959,-3.703396,15.0,339.9,30.3
1177,40.446085,-3.703456,15.0,339.9,30.4
1178,40.446212,-3.703517,15.0,339.9,30.5
1179,40.446339,-3.703578,15.0,339.9,30.6
1180,40.446465,-3.703639,15.0,339.9,30.7
1181,40.446592,-3.7037,15.0,339.9,30.8
1182,40.446718,-3.703761,15.0,339.9,30.9
1183,40.446848,-3.703803,14.84,346.0,31.0
1184,40.446982,-3.703812,15.0,357.2,31.1
1185,40.447117,-3.70382,15.0,357.2,31.3
1186,40.447251,-3.703829,15.0,357.2,31.4
1187,40.447386,-3.703838,15.0,357.2,31.5
1188,40.44752,-3.703846,15.0,357.2,31.6
1189,40.447655,-3.703855,15.0,357.2,31.7
1190,40.44779,-3.703864,15.0,357.2,31.8
1191,40.447924,-3.703873,15.0,357.2,31.9
1192,40.448059,-3.703881,15.0,357.2,32.0
1193,40.448193,-3.70389,15.0,357.2,32.1
1194,40.448328,-3.703899,15.0,357.2,32.2
1195,40.448463,-3.703907,15.0,357.2,32.3
1196,40.448597,-3.703916,15.0,357.2,32.5
1197,40.448732,-3.703925,15.0,357.2,32.6
1198,40.448866,-3.703933,15.0,357.2,32.7
1199,40.449001,-3.703942,15.0,357.2,32.8
1200,40.449136,-3.703951,15.0,357.2,32.9
