Server,Tasks Executed,Energy Consumed,Average Energy Consumed,Average Time Execution, Waiting Time
s-0-0,10133,345397251.76,34086.38,345.07,3432231.95
s-0-1,10040,345402154.78,34402.61,345.06,3432474.62
s-0-2,9916,345408685.30,34833.47,345.06,3432838.11
s-0-3,10014,345403560.81,34492.07,345.06,3432260.78
s-0-4,9892,345409986.33,34918.11,345.07,3432851.84
s-0-5,10104,345398876.85,34184.37,345.10,3432217.88
s-0-6,10076,345400367.36,34279.51,345.10,3432062.83
s-0-7,9997,345404535.38,34550.82,345.07,3431538.41
s-0-8,9997,345404555.90,34550.82,345.10,3432430.35
s-0-9,9876,345410928.91,34974.78,345.07,3432856.76
s-0-10,9912,345409059.43,34847.56,345.09,3432839.13
s-0-11,10017,345403567.45,34481.74,345.06,3432362.40
s-0-12,9957,345406737.96,34689.84,345.08,3432596.83
s-0-13,10066,345401035.98,34313.63,345.09,3432323.32
s-0-14,10126,345397906.50,34110.00,345.07,3432174.09
s-0-15,10299,345388844.51,33536.15,345.06,3431817.80
s-0-16,10131,345397685.03,34093.15,345.08,3431770.14
s-0-17,9863,345411775.55,35020.96,345.07,3432931.02
s-0-18,9892,345410273.56,34918.14,345.09,3432672.55
s-0-19,9987,345405306.58,34585.49,345.08,3432541.27
s-0-20,9865,345411732.10,35013.86,345.08,3432879.53
s-0-21,10089,345399992.61,34235.31,345.06,3432090.27
s-0-22,10019,345403688.13,34474.87,345.05,3432476.45
s-0-23,10132,345397776.15,34089.79,345.07,3432159.94
s-0-24,9810,345414701.66,35210.47,345.08,3432773.96
s-0-25,10023,345403539.68,34461.09,345.08,3432548.88
s-0-26,10048,345402247.70,34375.22,345.06,3432495.55
s-0-27,10101,345399485.72,34194.58,345.12,3432091.82
s-0-28,9922,345408903.73,34812.43,345.07,3432643.46
s-0-29,10062,345401574.25,34327.33,345.06,3432439.34
s-0-30,10039,345402802.27,34406.10,345.09,3432429.48
s-0-31,10028,345403400.28,34443.90,345.08,3432499.44
s-0-32,10051,345402213.30,34364.96,345.13,3432294.53
s-0-33,10051,345402233.82,34364.96,345.08,3432470.31
s-0-34,9978,345406086.83,34616.77,345.08,3432319.41
s-0-35,10102,345399597.35,34191.21,345.06,3432266.81
s-0-36,9989,345405550.37,34578.59,345.06,3432605.08
s-0-37,9825,345414180.88,35156.66,345.06,3433029.90
s-0-38,10101,345399711.40,34194.61,345.08,3432101.11
s-0-39,9923,345409076.92,34808.94,345.06,3432733.27
s-0-40,10038,345403059.93,34409.55,345.08,3432489.18
s-0-41,10023,345403867.95,34461.13,345.09,3432470.30
s-0-42,10053,345402313.47,34358.13,345.10,3432440.36
s-0-43,10077,345401073.98,34276.18,345.06,3432269.12
s-0-44,9822,345414482.00,35167.43,345.09,3432986.19
s-0-45,10014,345404422.52,34492.15,345.08,3432518.51
s-0-46,10075,345401240.53,34283.00,345.09,3432293.54
s-0-47,9986,345405933.55,34589.02,345.10,3432015.73
s-0-48,10155,345397081.57,34012.51,345.10,3432022.58
s-0-49,10186,345395474.58,33908.84,345.04,3432110.93
s-0-50,9983,345406152.60,34599.43,345.08,3431875.14
s-0-51,10116,345399190.62,34143.85,345.08,3431802.54
s-0-52,10030,345403726.13,34437.06,345.08,3432304.81
s-0-53,10108,345399651.65,34170.92,345.10,3432067.66
s-0-54,9818,345414897.17,35181.80,345.08,3432762.48
s-0-55,9906,345410297.68,34868.80,345.11,3432497.98
s-0-56,9924,345409373.20,34805.46,345.13,3432799.13
s-0-57,10095,345400416.22,34215.00,345.08,3432280.97
s-0-58,10279,345390776.74,33601.59,345.08,3431603.68
s-0-59,10065,345402032.25,34317.14,345.05,3431501.44
s-0-60,10054,345402630.27,34354.75,345.07,3432356.96
s-0-61,9943,345408478.29,34738.86,345.02,3432724.87
s-0-62,9920,345409706.30,34819.53,345.06,3432214.09
s-0-63,9842,345413821.82,35095.90,345.09,3432960.99
s-0-64,10032,345403867.34,34430.21,345.12,3432395.31
s-0-65,9959,345407720.35,34682.97,345.08,3432448.11
s-0-66,9908,345410418.37,34861.77,345.07,3432417.13
s-0-67,9857,345413116.39,35042.42,345.07,3432775.34
s-0-68,9942,345408674.40,34742.37,345.08,3432128.97
s-0-69,9826,345414784.92,35153.14,345.07,3432862.81
s-0-70,10063,345402362.94,34324.00,345.11,3432373.07
s-0-71,9962,345407685.95,34672.52,345.10,3432150.69
s-0-72,9917,345410068.97,34830.10,345.09,3432701.56
s-0-73,10001,345405679.49,34537.11,345.05,3432577.59
s-0-74,10078,345401657.50,34272.84,345.05,3432143.14
s-0-75,10101,345400470.52,34194.68,345.09,3431930.13
s-0-76,9947,345408576.04,34724.90,345.08,3432643.73
s-0-77,10099,345400616.55,34201.47,345.07,3432290.82
s-0-78,10147,345398117.07,34039.43,345.08,3432152.15
s-0-79,10027,345404437.59,34447.44,345.07,3432475.84
s-0-80,9898,345411230.60,34897.07,345.05,3432799.73
s-0-81,10003,345405738.62,34530.21,345.09,3432356.09
s-0-82,10020,345404866.64,34471.54,345.08,3431992.12
s-0-83,9973,345407354.65,34634.25,345.06,3432627.43
s-0-84,9967,345407690.17,34655.13,345.07,3432446.33
s-0-85,9976,345407238.19,34623.82,345.07,3432616.97
s-0-86,9968,345407678.70,34651.65,345.07,3432656.77
s-0-87,10015,345405231.72,34488.79,345.11,3432176.71
s-0-88,9914,345410554.74,34840.69,345.01,3432848.78
s-0-89,10003,345405902.76,34530.23,345.06,3432490.91
s-0-90,9843,345414323.27,35092.38,345.06,3432925.68
s-0-91,10158,345397806.29,34002.54,345.09,3431433.77
s-0-92,9887,345412054.31,34935.98,345.09,3432526.40
s-0-93,10111,345400314.82,34160.85,345.08,3431984.57
s-0-94,9993,345406530.34,34564.85,345.07,3432258.64
s-0-95,10156,345397993.36,34009.25,345.08,3432095.32
s-0-96,10072,345402423.87,34293.33,345.05,3431660.73
s-0-97,10064,345402864.39,34320.63,345.10,3431631.33
s-0-98,10153,345398212.41,34019.33,345.11,3431605.13
s-0-99,9858,345413720.42,35038.92,345.08,3432597.80
s-0-100,9960,345408385.94,34679.56,345.08,3432709.08
s-0-101,9876,345412816.46,34974.97,345.07,3432728.83
s-0-102,10169,345397454.47,33965.72,345.07,3431955.10
s-0-103,9946,345409182.49,34728.45,345.08,3432738.00
s-0-104,10168,345397548.01,33969.07,345.07,3432064.76
s-0-105,9972,345407858.52,34637.77,345.06,3432690.21
s-0-106,9985,345407196.54,34592.61,345.10,3431838.34
s-0-107,9964,345408319.56,34665.63,345.08,3432235.33
s-0-108,10100,345401200.07,34198.14,345.08,3432294.51
s-0-109,10057,345403478.09,34344.58,345.06,3432293.84
s-0-110,9790,345417516.11,35282.69,345.10,3433140.67
s-0-111,9929,345410239.12,34788.02,345.08,3432645.23
s-0-112,10190,345396557.14,33895.64,345.08,3431702.63
s-0-113,10127,345399885.16,34106.83,345.05,3432265.60
s-0-114,9923,345410615.67,34809.09,345.08,3432189.27
s-0-115,10061,345403391.19,34330.92,345.02,3432396.66
s-0-116,10117,345400471.71,34140.60,345.08,3432078.54
s-0-117,9943,345409627.22,34738.97,345.09,3432545.48
s-0-118,9984,345407495.24,34596.10,345.07,3432605.69
s-0-119,9960,345408775.76,34679.60,345.08,3432718.73
s-0-120,9985,345407483.78,34592.64,345.07,3432418.07
s-0-121,9950,345409341.79,34714.51,345.08,3432283.54
s-0-122,10068,345403167.31,34307.03,345.10,3431744.20
s-0-123,9751,345419830.33,35424.04,345.06,3433230.92
s-0-124,9852,345414548.34,35060.35,345.11,3433014.54
s-0-125,10009,345406326.36,34509.57,345.05,3432493.07
s-0-126,9955,345409181.88,34697.05,345.08,3432360.44
s-0-127,9989,345407417.39,34578.78,345.06,3432036.93
s-0-128,10040,345404760.41,34402.86,345.09,3432257.22
s-0-129,9981,345407878.43,34606.54,345.07,3432452.42
s-0-130,10099,345401703.94,34201.57,345.07,3432222.70
s-0-131,9950,345409546.96,34714.53,345.09,3432350.90
s-0-132,10079,345402794.98,34269.55,345.06,3432215.81
s-0-133,10020,345405912.99,34471.65,345.05,3432568.78
s-0-134,10029,345405461.01,34440.67,345.07,3432399.62
s-0-135,9984,345407844.03,34596.14,345.06,3432588.66
s-0-136,9952,345409544.54,34707.55,345.06,3432650.40
s-0-137,9998,345407150.06,34547.62,345.09,3432176.24
s-0-138,9902,345412210.58,34883.08,345.08,3432730.55
s-0-139,9938,345410341.09,34756.52,345.08,3432439.32
s-0-140,10049,345404534.11,34372.03,345.06,3432412.05
s-0-141,9896,345412587.13,34904.26,345.09,3432800.14
s-0-142,10087,345402580.14,34242.35,345.06,3432332.46
s-0-143,10074,345403283.16,34286.61,345.07,3432371.02
s-0-144,9890,345412963.68,34925.48,345.06,3432853.48
s-0-145,9890,345412984.19,34925.48,345.07,3432815.12
s-0-146,9886,345413214.71,34939.63,345.05,3432852.87
s-0-147,9908,345412080.23,34861.94,345.09,3432740.96
s-0-148,10104,345401810.74,34184.66,345.06,3431540.19
s-0-149,10219,345395793.76,33799.37,345.08,3431938.61
s-0-150,9883,345413454.28,34950.26,345.09,3432903.95
s-0-151,9992,345407752.30,34568.43,345.07,3431823.54
s-0-152,9944,345410292.81,34735.55,345.07,3432029.15
s-0-153,10050,345404748.33,34368.63,345.04,3432429.07
s-0-154,10123,345400936.35,34120.41,345.10,3431991.39
s-0-155,9953,345409881.86,34704.10,345.07,3432610.57
s-0-156,10029,345405912.38,34440.71,345.04,3432133.82
s-0-157,9914,345411970.40,34840.83,345.06,3432706.08
s-0-158,10016,345406635.91,34485.49,345.08,3432201.22
s-0-159,9977,345408703.93,34620.50,345.08,3431695.47
s-0-160,10101,345402214.45,34194.85,345.10,3432138.19
s-0-161,10025,345406224.96,34454.49,345.09,3431976.82
s-0-162,10164,345398947.98,33982.58,345.07,3432174.93
s-0-163,10126,345400963.50,34110.31,345.08,3432128.37
s-0-164,9964,345409489.01,34665.75,345.10,3432669.08
s-0-165,9896,345413079.53,34904.31,345.07,3432870.31
s-0-166,10059,345404542.55,34337.86,345.07,3432350.70
s-0-167,10078,345403565.56,34273.03,345.06,3432410.42
s-0-168,10168,345398861.08,33969.20,345.07,3431660.84
s-0-169,10136,345400561.60,34076.61,345.08,3432225.80
s-0-170,10048,345405202.11,34375.52,345.09,3431930.49
s-0-171,9847,345415775.13,35078.28,345.08,3432063.48
s-0-172,10139,345400465.65,34066.52,345.09,3431762.04
s-0-173,10154,345399698.66,34016.12,345.07,3432176.57
s-0-174,9875,345414366.68,34978.67,345.08,3432632.15
s-0-175,9899,345413127.20,34893.74,345.09,3432860.05
s-0-176,9961,345409892.71,34676.23,345.09,3432612.24
s-0-177,10084,345403455.73,34252.62,345.07,3432236.77
s-0-178,9867,345414868.75,35007.08,345.13,3432830.56
s-0-179,10001,345407854.26,34537.33,345.08,3432503.53
s-0-180,10091,345403149.78,34228.83,345.07,3432363.85
s-0-181,9999,345408000.30,34544.25,345.09,3432423.19
s-0-182,10002,345407863.31,34533.88,345.07,3432593.18
s-0-183,9879,345414341.33,34964.50,345.09,3432923.44
s-0-184,10068,345404439.35,34307.16,345.06,3432276.20
s-0-185,9789,345419107.37,35286.45,345.05,3433187.24
s-0-186,9969,345409677.88,34648.38,345.06,3432594.81
s-0-187,9905,345413058.40,34872.60,345.10,3432692.14
s-0-188,9958,345410296.42,34686.71,345.10,3432626.19
s-0-189,9857,345415619.43,35042.67,345.08,3432913.79
s-0-190,9988,345408762.45,34582.38,345.10,3432535.11
s-0-191,10125,345401590.47,34113.74,345.05,3431597.20
s-0-192,9959,345410325.98,34683.23,345.09,3432440.39
s-0-193,10218,345396749.00,33802.77,345.07,3431601.92
s-0-194,9806,345418399.52,35225.21,345.08,3433080.97
s-0-195,9906,345413170.03,34869.09,345.08,3431956.02
s-0-196,10140,345400905.55,34063.21,345.08,3431898.76
s-0-197,10004,345408066.07,34527.00,345.09,3432561.59
s-0-198,10012,345407666.58,34499.37,345.08,3432505.99
s-0-199,9980,345409367.10,34610.16,345.09,3431816.27
s-0-200,9987,345409020.12,34585.86,345.05,3432649.39
s-0-201,9822,345417703.13,35167.76,345.06,3432414.15
s-0-202,9857,345415886.15,35042.70,345.07,3432931.23
s-0-203,9932,345411969.17,34777.69,345.09,3432616.12
s-0-204,9981,345409417.18,34606.69,345.08,3432624.36
s-0-205,10007,345408072.70,34516.65,345.08,3432392.24
s-0-206,10006,345408145.72,34520.10,345.07,3432118.42
s-0-207,9936,345411841.23,34763.67,345.05,3432121.30
s-0-208,9964,345410391.75,34665.84,345.07,3432274.35
s-0-209,9961,345410569.77,34676.29,345.07,3432446.49
s-0-210,10049,345405970.28,34372.17,345.09,3432353.34
s-0-211,9854,345416228.30,35053.40,345.07,3432902.30
s-0-212,10005,345408321.32,34523.57,345.08,3432538.82
s-0-213,9984,345409444.33,34596.30,345.07,3431645.62
s-0-214,9754,345421539.85,35413.32,345.08,3432920.80
s-0-215,10029,345407122.87,34440.83,345.05,3432530.83
s-0-216,10080,345404465.88,34266.32,345.06,3432345.79
s-0-217,10077,345404643.90,34276.54,345.06,3432275.10
s-0-218,10008,345408286.92,34513.22,345.07,3432595.24
s-0-219,9877,345415184.94,34971.67,345.08,3432757.41
s-0-220,10032,345407067.95,34430.53,345.06,3432476.87
s-0-221,9938,345412023.47,34756.69,345.10,3432621.43
s-0-222,9989,345409366.49,34578.97,345.07,3432414.97
s-0-223,9975,345410122.00,34627.58,345.06,3431918.04
s-0-224,10134,345401795.02,34083.46,345.10,3432199.12
s-0-225,10090,345404125.54,34232.32,345.09,3432314.61
s-0-226,9904,345413911.05,34876.20,345.07,3432505.25
s-0-227,9905,345413879.07,34872.68,345.07,3431847.11
s-0-228,9963,345410854.59,34669.36,345.07,3432615.53
s-0-229,9945,345411820.10,34732.21,345.08,3432282.00
s-0-230,9962,345410948.12,34672.85,345.04,3431896.73
s-0-231,10059,345405876.14,34337.99,345.08,3432220.53
s-0-232,9888,345414874.15,34932.73,345.09,3432331.38
s-0-233,10020,345407964.67,34471.85,345.10,3432549.29
s-0-234,9932,345412605.19,34777.75,345.08,3432715.43
s-0-235,10036,345407165.70,34416.82,345.07,3432129.74
s-0-236,9969,345410703.72,34648.48,345.10,3432271.83
s-0-237,9977,345410304.24,34620.66,345.09,3432599.53
s-0-238,10113,345403184.75,34154.37,345.06,3431916.85
s-0-239,10140,345401787.77,34063.29,345.11,3431924.13
s-0-240,9941,345412255.79,34746.23,345.11,3432729.38
s-0-241,9938,345412433.80,34756.74,345.08,3432696.15
s-0-242,10005,345408936.82,34523.63,345.04,3431960.76
s-0-243,10063,345405912.34,34324.35,345.07,3432247.51
s-0-244,9971,345410762.85,34641.54,345.09,3431884.52
s-0-245,10045,345406898.37,34385.95,345.09,3431094.25
s-0-246,10133,345402298.89,34086.87,345.08,3432192.35
s-0-247,10198,345398906.90,33869.28,345.07,3431930.66
s-0-248,10257,345395829.92,33674.16,345.06,3431909.70
s-0-249,10159,345400995.44,33999.51,345.08,3431035.53
s-0-250,9988,345409993.45,34582.50,345.09,3431841.99
s-0-251,9944,345412323.97,34735.75,345.06,3432690.61
s-0-252,10036,345407514.49,34416.85,345.07,3432355.72
s-0-253,10222,345397770.01,33789.65,345.06,3432003.25
s-0-254,10086,345404930.52,34245.98,345.08,3432180.73
s-0-255,9990,345409991.04,34575.57,345.09,3431544.77
s-0-256,10011,345408909.06,34502.94,345.07,3432385.77
s-0-257,10161,345401054.57,33992.82,345.08,3432152.57
s-0-258,10073,345405695.09,34290.25,345.07,3432308.86
s-0-259,10045,345407185.61,34385.98,345.09,3432047.42
s-0-260,10117,345403426.12,34140.89,345.07,3431932.73
s-0-261,9970,345411164.14,34645.05,345.07,3432625.79
s-0-262,10058,345406564.66,34341.48,345.07,3431941.96
s-0-263,10077,345405587.67,34276.63,345.08,3432317.89
s-0-264,9842,345417945.69,35096.32,345.07,3433031.34
s-0-265,9853,345417388.71,35057.08,345.09,3432815.55
s-0-266,10112,345403811.72,34157.81,345.08,3431871.07
s-0-267,9931,345413334.74,34781.32,345.08,3432523.83
s-0-268,10070,345406057.76,34300.50,345.07,3432417.39
s-0-269,9887,345415685.77,34936.35,345.08,3432901.29
s-0-270,9916,345414183.79,34834.02,345.11,3432582.09
s-0-271,10000,345409794.31,34540.98,345.09,3432433.56
s-0-272,10019,345408817.32,34475.38,345.11,3432045.53
s-0-273,9980,345410885.34,34610.31,345.10,3432292.98
s-0-274,10170,345400930.86,33962.73,345.06,3432142.93
s-0-275,9923,345413918.87,34809.42,345.08,3432802.21
s-0-276,10012,345409266.89,34499.53,345.06,3432571.65
s-0-277,9936,345413277.41,34763.82,345.07,3432691.63
s-0-278,9995,345410200.42,34558.30,345.05,3432637.70
s-0-279,10011,345409380.94,34502.98,345.03,3432559.34
s-0-280,10021,345408876.46,34468.50,345.09,3432389.08
s-0-281,10045,345407636.97,34386.03,345.07,3432459.03
s-0-282,10098,345404874.99,34205.28,345.08,3431336.36
s-0-283,10042,345407835.51,34396.32,345.04,3432387.73
s-0-284,10176,345400821.03,33942.69,345.08,3431857.85
s-0-285,10022,345408926.54,34465.07,345.08,3432400.40
s-0-286,9901,345415299.56,34886.91,345.09,3432668.49
s-0-287,10155,345401985.08,34013.00,345.08,3432133.07
s-0-288,9923,345414185.59,34809.45,345.08,3432732.25
s-0-289,9941,345413261.11,34746.33,345.09,3432587.15
s-0-290,9977,345411391.63,34620.77,345.08,3431178.66
s-0-291,10061,345407002.14,34331.28,345.06,3432450.62
s-0-292,10134,345403190.16,34083.60,345.08,3432180.25
s-0-293,10222,345398590.68,33789.73,345.05,3431915.42
s-0-294,9950,345412891.19,34714.86,345.11,3432425.17
s-0-295,10152,345402306.71,34023.08,345.09,3432203.65
s-0-296,9964,345412197.23,34666.02,345.03,3432113.10
s-0-297,9857,345417835.24,35042.90,345.15,3432254.02
s-0-298,10099,345405150.76,34201.92,345.11,3432017.82
s-0-299,9767,345422601.28,35366.29,345.08,3433216.16
s-0-300,9904,345415429.29,34876.36,345.07,3432811.02
s-0-301,9944,345413349.81,34735.86,345.08,3432149.72
s-0-302,9877,345416887.83,34971.84,345.06,3432538.93
s-0-303,9995,345410713.34,34558.35,345.06,3432307.33
s-0-304,10004,345410261.36,34527.22,345.07,3432588.26
s-0-305,10206,345399676.88,33842.81,345.09,3431553.75
s-0-306,10109,345404789.89,34168.05,345.04,3432330.01
s-0-307,10178,345401187.91,33936.06,345.05,3432111.13
s-0-308,10037,345408610.93,34413.53,345.08,3432351.78
s-0-309,9938,345413828.94,34756.88,345.07,3432260.62
s-0-310,10096,345405554.46,34212.12,345.09,3431773.75
s-0-311,9933,345414132.48,34774.40,345.11,3432455.31
s-0-312,9957,345412892.99,34690.46,345.07,3432704.98
s-0-313,9899,345415958.51,34894.03,345.07,3432826.82
s-0-314,9912,345415296.53,34848.19,345.09,3432575.36
s-0-315,10029,345409174.55,34441.04,345.08,3432418.50
s-0-316,10075,345406780.06,34283.55,345.08,3432405.72
s-0-317,10107,345405120.58,34174.84,345.08,3432169.95
s-0-318,9867,345417741.10,35007.37,345.09,3432811.18
s-0-319,10121,345404426.61,34127.50,345.09,3432156.09
s-0-320,10167,345402032.13,33972.86,345.09,3431838.32
s-0-321,9895,345416332.65,34908.17,345.11,3432837.07
s-0-322,9902,345415985.66,34883.46,345.07,3432768.55
s-0-323,9900,345416111.18,34890.52,345.06,3432790.71
s-0-324,10166,345402166.70,33976.21,345.08,3432027.06
s-0-325,10011,345410324.71,34503.08,345.06,3432543.95
s-0-326,10098,345405777.73,34205.37,345.08,3432362.62
s-0-327,9917,345415300.75,34830.62,345.07,3432811.44
s-0-328,9967,345412696.26,34655.63,345.11,3432417.85
s-0-329,9987,345411666.78,34586.13,345.10,3432608.97
s-0-330,9978,345412159.80,34617.37,345.08,3432086.42
s-0-331,9811,345420947.81,35207.52,345.15,3433064.56
s-0-332,9975,345412358.33,34627.81,345.09,3432650.00
s-0-333,9970,345412641.35,34645.20,345.05,3432660.69
s-0-334,9993,345411454.36,34565.34,345.08,3432337.20
s-0-335,10162,345402602.38,33989.63,345.07,3432150.31
s-0-336,10149,345403305.40,34033.24,345.07,3432218.42
s-0-337,10088,345406528.41,34239.35,345.08,3432089.22
s-0-338,10019,345410171.43,34475.51,345.05,3432509.69
s-0-339,10015,345410401.95,34489.31,345.10,3432321.93
s-0-340,10026,345409844.96,34451.41,345.07,3432486.71
s-0-341,10037,345409287.98,34413.60,345.10,3431889.66
s-0-342,10055,345408363.50,34351.90,345.08,3432430.31
s-0-343,10091,345406494.01,34229.16,345.07,3432374.93
s-0-344,10140,345403942.03,34063.51,345.09,3431765.79
s-0-345,9919,345415565.05,34823.63,345.09,3432780.87
s-0-346,10161,345402880.57,33993.00,345.07,3431759.22
s-0-347,9973,345412771.08,34634.79,345.05,3432662.93
s-0-348,9980,345412424.10,34610.46,345.06,3432633.18
s-0-349,9972,345412864.62,34638.27,345.05,3432640.15
s-0-350,10122,345405010.13,34124.19,345.06,3432200.14
s-0-351,9907,345416318.15,34865.88,345.06,3432826.00
s-0-352,10195,345401218.67,33879.47,345.06,3432097.39
s-0-353,10025,345410164.18,34454.88,345.07,3432129.72
s-0-354,9947,345414279.70,34725.47,345.06,3432603.34
s-0-355,10070,345407842.72,34300.68,345.05,3432358.51
s-0-356,10009,345411065.73,34510.05,345.09,3432399.04
s-0-357,9758,345424263.75,35399.08,345.09,3433126.88
s-0-358,9916,345415989.27,34834.21,345.06,3432789.90
s-0-359,9885,345417637.28,34943.62,345.08,3432645.01
s-0-360,10075,345407682.80,34283.64,345.06,3432236.33
s-0-361,10196,345401350.82,33876.16,345.08,3431976.86
s-0-362,9923,345415703.83,34809.60,345.06,3432379.05
s-0-363,10176,345402441.85,33942.85,345.09,3430946.64
s-0-364,10118,345405507.37,34137.73,345.07,3432236.87
s-0-365,10194,345401537.88,33882.83,345.08,3432071.54
s-0-366,10014,345411008.40,34492.81,345.06,3432548.28
s-0-367,10299,345396066.42,33536.85,345.07,3431735.94
s-0-368,9889,345417611.93,34929.48,345.06,3432786.14
s-0-369,9973,345413222.45,34634.84,345.02,3432677.08
s-0-370,9808,345421905.47,35218.38,345.11,3432944.37
s-0-371,10046,345409430.98,34382.78,345.07,3432462.72
s-0-372,10052,345409136.50,34362.23,345.08,3432205.68
s-0-373,10094,345406952.02,34219.04,345.09,3432298.82
s-0-374,10090,345407182.53,34232.62,345.08,3432233.53
s-0-375,9674,345429043.05,35706.95,345.07,3433483.24
s-0-376,10015,345411161.07,34489.38,345.08,3432120.96
s-0-377,10111,345406141.58,34161.42,345.08,3432200.03
s-0-378,10164,345403379.60,33983.02,345.07,3431752.88
s-0-379,9721,345426657.62,35534.07,345.06,3432673.49
s-0-380,9936,345415390.64,34764.03,345.06,3431904.51
s-0-381,9845,345420188.65,35085.85,345.06,3432931.84
s-0-382,9999,345412124.17,34544.67,345.06,3431923.42
s-0-383,10020,345411042.19,34472.16,345.06,3432462.30
s-0-384,9915,345416575.20,34837.78,345.09,3432723.11
s-0-385,10019,345411135.72,34475.61,345.11,3431938.84
s-0-386,10094,345407218.74,34219.06,345.08,3431862.65
s-0-387,10071,345408446.75,34297.33,345.09,3432274.09
s-0-388,10133,345405212.27,34087.16,345.06,3432072.02
s-0-389,9810,345422190.29,35211.23,345.10,3432981.33
s-0-390,9998,345412340.80,34548.14,345.07,3432485.35
s-0-391,10120,345405956.32,34131.02,345.07,3432300.27
s-0-392,10015,345411489.34,34489.41,345.08,3432337.66
s-0-393,10145,345404684.85,34046.79,345.07,3432188.87
s-0-394,9884,345418407.87,34947.23,345.11,3432368.67
s-0-395,9988,345412968.39,34582.80,345.06,3432507.07
s-0-396,10174,345403223.90,33949.60,345.07,3432136.57
s-0-397,10009,345411906.92,34510.13,345.06,3432569.59
s-0-398,9862,345419644.94,35025.31,345.09,3432912.35
s-0-399,10002,345412315.45,34534.32,345.07,3432463.05
s-0-400,10036,345410550.97,34417.15,345.11,3432409.37
s-0-401,10068,345408891.49,34307.60,345.08,3432136.75
s-0-402,9996,345412692.00,34555.09,345.05,3432071.61
s-0-403,10139,345405205.02,34066.99,345.08,3432135.32
s-0-404,9835,345421185.54,35121.63,345.06,3433052.88
s-0-405,9930,345416218.55,34785.12,345.08,3432615.63
s-0-406,9989,345413141.57,34579.35,345.07,3432628.88
s-0-407,10116,345406494.59,34144.57,345.07,3432096.92
s-0-408,9961,345414652.60,34676.70,345.04,3432725.91
s-0-409,9935,345416038.12,34767.59,345.07,3432711.74
s-0-410,10121,345406293.64,34127.68,345.10,3432186.19
s-0-411,9981,345413664.15,34607.12,345.06,3431743.36
s-0-412,9851,345420509.67,35064.51,345.09,3432325.20
s-0-413,10050,345410082.69,34369.16,345.07,3432358.34
s-0-414,9970,345414303.21,34645.37,345.08,3432497.08
s-0-415,10085,345408286.22,34249.71,345.08,3432147.92
s-0-416,9970,345414344.24,34645.37,345.07,3432676.06
s-0-417,9828,345421819.76,35146.71,345.10,3432697.69
s-0-418,9926,345416695.27,34799.18,345.03,3431117.04
s-0-419,9808,345422910.79,35218.49,345.07,3433024.55
s-0-420,9945,345415738.81,34732.60,345.08,3432748.26
s-0-421,10065,345409459.32,34317.88,345.06,3431984.41
s-0-422,10089,345408219.84,34236.12,345.05,3432264.24
s-0-423,10074,345409027.86,34287.18,345.10,3432147.86
s-0-424,9895,345418445.87,34908.38,345.06,3432898.21
s-0-425,10082,345408648.89,34259.93,345.06,3432388.47
s-0-426,9949,345415651.91,34718.63,345.06,3432210.92
s-0-427,10135,345405907.42,34080.50,345.04,3432030.98
s-0-428,9991,345413487.94,34572.46,345.06,3432540.25
s-0-429,10025,345411723.46,34455.03,345.06,3432502.72
s-0-430,9945,345415943.97,34732.62,345.09,3432705.38
s-0-431,10106,345407511.99,34178.46,345.08,3432046.57
s-0-432,9914,345417612.51,34841.40,345.10,3432743.94
s-0-433,9766,345425403.02,35370.20,345.08,3433066.18
s-0-434,10050,345410513.54,34369.21,345.08,3431960.83
s-0-435,9898,345418514.06,34897.81,345.05,3432895.34
s-0-436,9749,345426357.07,35431.98,345.07,3432765.32
s-0-437,10028,345411730.09,34444.73,345.06,3432411.83
s-0-438,10167,345404453.11,33973.09,345.08,3431926.76
s-0-439,10084,345408831.12,34253.16,345.03,3432307.02
s-0-440,9988,345413891.64,34582.89,345.07,3432637.29
s-0-441,9959,345415434.66,34683.75,345.08,3432551.92
s-0-442,10014,345412567.67,34492.97,345.07,3432566.52
s-0-443,9940,345416473.19,34750.15,345.08,3432603.09
s-0-444,9952,345415863.71,34708.19,345.08,3431364.28
s-0-445,10182,345403809.23,33922.98,345.07,3432081.79
s-0-446,10009,345412912.24,34510.23,345.05,3431789.68
s-0-447,10008,345412985.26,34513.69,345.05,3432558.74
s-0-448,9947,345416208.28,34725.67,345.06,3431789.74
s-0-449,9927,345417278.79,34795.74,345.07,3432199.08
s-0-450,9962,345415461.81,34673.30,345.08,3431826.84
s-0-451,9913,345418054.83,34844.96,345.08,3432772.04
s-0-452,9972,345414977.84,34638.49,345.06,3432653.90
s-0-453,10006,345413213.36,34520.61,345.09,3432528.56
s-0-454,10032,345411868.88,34431.01,345.08,3432375.85
s-0-455,10036,345411679.39,34417.27,345.08,3432454.30
s-0-456,10012,345412959.91,34499.90,345.09,3432579.03
s-0-457,9979,345414712.93,34614.16,345.08,3432626.00
s-0-458,9982,345414575.94,34603.74,345.07,3432652.88
s-0-459,10119,345407403.96,34134.54,345.08,3432182.80
s-0-460,9956,345415981.98,34694.25,345.08,3432220.21
s-0-461,10053,345410909.99,34358.99,345.07,3432390.91
s-0-462,10226,345401848.01,33776.83,345.08,3431313.92
s-0-463,10298,345398088.53,33540.31,345.06,3431310.66
s-0-464,9932,345417324.04,34778.22,345.11,3432733.07
s-0-465,10021,345412672.06,34468.88,345.09,3432531.44
s-0-466,9964,345415685.08,34666.37,345.08,3432507.73
s-0-467,10153,345405783.09,34020.07,345.10,3432140.25
s-0-468,9965,345415673.61,34662.89,345.10,3432591.42
s-0-469,9910,345418581.63,34855.56,345.08,3432834.21
s-0-470,9863,345421069.64,35021.91,345.08,3432926.30
s-0-471,9987,345414580.16,34586.42,345.08,3432609.59
s-0-472,9833,345422685.68,35128.92,345.06,3432804.36
s-0-473,10040,345411838.69,34403.57,345.09,3432384.59
s-0-474,9813,345423776.71,35200.63,345.08,3432897.97
s-0-475,9952,345416499.73,34708.25,345.08,3432646.71
s-0-476,9802,345424395.25,35240.20,345.09,3433141.70
s-0-477,9874,345420635.76,34982.85,345.07,3432938.83
s-0-478,10060,345410891.28,34335.08,345.08,3432283.50
s-0-479,10072,345410281.80,34294.11,345.06,3432432.16
s-0-480,9908,345418912.31,34862.63,345.08,3432839.75
s-0-481,9919,345418355.33,34823.91,345.06,3432798.92
s-0-482,10114,345408138.35,34151.49,345.09,3432221.07
s-0-483,9994,345414458.86,34562.18,345.08,3432322.90
s-0-484,10030,345412589.38,34437.95,345.06,3432429.47
s-0-485,10066,345410719.90,34314.60,345.07,3432399.33
s-0-486,10078,345410110.41,34273.68,345.11,3432031.44
s-0-487,10220,345402675.93,33796.74,345.12,3431963.84
s-0-488,9864,345421386.45,35018.39,345.06,3432910.71
s-0-489,10056,345411326.96,34348.78,345.07,3432067.59
s-0-490,9923,345418329.98,34809.87,345.07,3432774.31
s-0-491,10026,345412943.00,34451.72,345.09,3432451.43
s-0-492,10044,345412018.51,34389.89,345.07,3432421.69
s-0-493,9961,345416396.53,34676.88,345.05,3432231.24
s-0-494,9982,345415314.55,34603.82,345.04,3432668.28
s-0-495,9998,345414495.06,34548.36,345.08,3432623.14
s-0-496,9994,345414725.58,34562.21,345.10,3432483.68
s-0-497,9950,345417056.10,34715.28,345.11,3432611.23
s-0-498,10045,345412089.11,34386.47,345.05,3432349.93
s-0-499,9980,345415522.13,34610.77,345.07,3432308.93
s-0-500,10014,345413757.65,34493.09,345.11,3431880.08
s-0-501,9927,345418345.66,34795.84,345.08,3432724.45
s-0-502,10078,345410438.68,34273.71,345.09,3431820.76
s-0-503,9864,345421694.20,35018.42,345.07,3432813.32
s-0-504,9895,345420087.21,34908.55,345.08,3432718.08
s-0-505,9942,345417640.23,34743.28,345.05,3432223.85
s-0-506,10084,345410205.75,34253.29,345.08,3432319.12
s-0-507,9975,345415948.77,34628.17,345.08,3432065.10
s-0-508,10013,345413974.28,34496.55,345.08,3432110.97
s-0-509,9881,345420924.80,34958.09,345.08,3431928.23
s-0-510,10037,345412755.32,34413.94,345.09,3432518.52
s-0-511,9858,345422173.33,35039.78,345.06,3432988.26
s-0-512,9961,345416786.35,34676.92,345.07,3431451.96
s-0-513,9895,345420271.87,34908.57,345.07,3432866.00
s-0-514,10149,345406957.38,34033.60,345.08,3432088.54
s-0-515,10008,345414380.40,34513.83,345.10,3432552.15
s-0-516,9862,345422065.92,35025.56,345.08,3432348.05
s-0-517,10026,345413476.43,34451.77,345.08,3432291.32
s-0-518,9991,345415334.45,34572.65,345.08,3432459.70
s-0-519,10009,345414409.97,34510.38,345.05,3432597.29
s-0-520,10283,345400045.48,33589.42,345.08,3430721.48
s-0-521,10310,345398648.50,33501.32,345.08,3431619.86
s-0-522,10025,345413631.52,34455.23,345.10,3432462.91
s-0-523,9912,345419584.53,34848.63,345.08,3432521.46
s-0-524,9982,345415930.05,34603.88,345.10,3432607.54
s-0-525,9840,345423405.57,35104.00,345.05,3433016.16
s-0-526,10022,345413871.08,34465.56,345.10,3432500.25
s-0-527,10035,345413209.10,34420.85,345.10,3431167.57
s-0-528,9953,345417534.62,34704.87,345.07,3432521.91
s-0-529,9893,345420705.13,34915.67,345.07,3432901.50
s-0-530,10274,345400723.15,33618.91,345.07,3431429.36
s-0-531,9948,345417858.67,34722.34,345.07,3432689.79
s-0-532,9984,345415989.18,34596.95,345.09,3432137.08
s-0-533,10075,345411232.20,34283.99,345.05,3432275.48
s-0-534,10012,345414560.22,34500.06,345.06,3432227.47
s-0-535,10117,345409068.23,34141.45,345.10,3431240.04
s-0-536,10093,345410348.75,34222.76,345.07,3432337.59
s-0-537,9957,345417509.27,34690.92,345.09,3431698.55
s-0-538,10022,345414117.28,34465.59,345.08,3432531.03
s-0-539,10023,345414085.30,34462.15,345.06,3432222.01
s-0-540,10011,345414735.82,34503.52,345.08,3432001.90
s-0-541,10109,345409611.34,34168.52,345.12,3432328.98
s-0-542,10012,345414724.35,34500.07,345.07,3432434.58
s-0-543,9954,345417789.87,34701.41,345.05,3432664.97
s-0-544,10153,345407362.89,34020.23,345.10,3431489.11
s-0-545,10030,345413840.90,34438.07,345.06,3431975.48
s-0-546,10075,345411498.92,34284.02,345.08,3432065.09
s-0-547,10040,345413356.94,34403.72,345.08,3432514.42
s-0-548,9863,345422669.95,35022.07,345.07,3432962.62
s-0-549,9888,345421377.97,34933.39,345.06,3432886.31
s-0-550,9989,345416095.99,34579.65,345.08,3432456.27
s-0-551,9972,345417009.00,34638.69,345.09,3432206.51
s-0-552,9939,345418762.02,34753.87,345.08,3432640.77
s-0-553,9878,345421985.04,34968.82,345.03,3432808.31
s-0-554,10016,345414760.55,34486.30,345.09,3432160.08
s-0-555,9815,345425333.57,35193.62,345.09,3432663.28
s-0-556,9995,345415904.09,34558.87,345.07,3432605.70
s-0-557,9827,345424744.60,35150.58,345.08,3433019.02
s-0-558,10012,345415052.62,34500.11,345.07,3431928.45
s-0-559,9940,345418853.14,34750.39,345.07,3432717.28
s-0-560,10042,345413518.65,34396.88,345.07,3432456.77
s-0-561,9922,345419839.17,34813.53,345.07,3432805.70
s-0-562,10090,345411039.69,34233.01,345.08,3431115.96
s-0-563,10126,345409170.20,34111.12,345.05,3432235.85
s-0-564,9986,345416540.72,34590.08,345.07,3432636.06
s-0-565,9960,345417926.24,34680.51,345.07,3432714.42
s-0-566,10077,345411804.25,34277.25,345.09,3432394.00
s-0-567,9991,345416339.77,34572.75,345.06,3432613.08
s-0-568,9997,345416045.29,34551.97,345.08,3432551.94
s-0-569,9873,345422575.81,34986.59,345.07,3432934.11
s-0-570,9790,345426953.82,35283.65,345.05,3432653.11
s-0-571,10118,345409754.34,34138.15,345.09,3431803.74
s-0-572,10011,345415392.36,34503.59,345.09,3431968.65
s-0-573,9911,345420662.87,34852.25,345.08,3432388.46
s-0-574,9943,345419003.39,34739.92,345.09,3431547.07
s-0-575,10070,345412356.41,34301.13,345.07,3432421.29
s-0-576,10058,345413006.92,34342.12,345.07,3432412.05
s-0-577,9966,345417857.44,34659.63,345.08,3432677.08
s-0-578,9936,345419452.96,34764.44,345.07,3432776.78
s-0-579,10059,345413015.97,34338.70,345.06,3432367.32
s-0-580,9870,345422958.99,34997.26,345.08,3431445.14
s-0-581,10181,345406652.01,33926.59,345.06,3432080.77
s-0-582,9992,345416595.02,34569.31,345.07,3432641.80
s-0-583,9848,345424175.54,35075.57,345.08,3432899.93
s-0-584,9806,345426401.06,35226.02,345.09,3433027.01
s-0-585,9984,345417076.57,34597.06,345.07,3431963.62
s-0-586,10006,345415942.09,34520.88,345.09,3432519.94
s-0-587,9914,345420792.61,34841.72,345.08,3432759.32
s-0-588,9775,345428110.62,35337.91,345.07,3433191.79
s-0-589,10055,345413431.14,34352.40,345.07,3432257.59
s-0-590,9821,345425736.66,35172.16,345.06,3433030.92
s-0-591,10052,345413629.67,34362.68,345.08,3432121.02
s-0-592,10098,345411235.19,34205.91,345.08,3432164.14
s-0-593,9933,345419918.21,34774.98,345.11,3432530.44
s-0-594,9967,345418153.72,34656.18,345.09,3432011.89
s-0-595,10065,345413029.24,34318.23,345.07,3432168.51
s-0-596,9961,345418509.76,34677.09,345.10,3432625.58
s-0-597,10140,345409132.77,34064.02,345.03,3432114.22
s-0-598,10053,345413720.79,34359.27,345.06,3432475.65
s-0-599,9894,345422088.81,34912.28,345.05,3432893.29
s-0-600,10065,345413131.82,34318.24,345.09,3431355.27
s-0-601,9937,345419872.34,34760.98,345.08,3432290.55
s-0-602,10031,345414957.86,34434.75,345.10,3432257.78
s-0-603,10121,345410253.38,34128.08,345.06,3431772.83
s-0-604,10029,345415103.89,34441.63,345.09,3432109.76
s-0-605,9895,345422159.41,34908.76,345.07,3432806.30
s-0-606,9834,345425382.43,35125.62,345.07,3432975.53
s-0-607,9903,345421780.44,34880.52,345.09,3432333.83
s-0-608,10089,345412035.96,34236.50,345.07,3432085.53
s-0-609,10189,345406806.48,33899.97,345.11,3432067.02
s-0-610,9820,345426199.49,35175.78,345.11,3432791.66
s-0-611,10162,345408265.01,33990.19,345.06,3432115.43
s-0-612,10071,345413063.03,34297.79,345.08,3432147.52
s-0-613,10006,345416496.04,34520.94,345.06,3432562.82
s-0-614,9788,345427961.56,35290.96,345.12,3432880.81
s-0-615,10004,345416642.08,34527.85,345.06,3432592.36
s-0-616,9970,345418447.59,34645.78,345.06,3432671.34
s-0-617,10015,345416105.61,34489.88,345.07,3432479.32
s-0-618,10042,345414708.63,34397.00,345.10,3432408.35
s-0-619,10126,345410319.14,34111.23,345.09,3432040.43
s-0-620,10091,345412177.16,34229.73,345.10,3432106.16
s-0-621,10139,345409677.68,34067.43,345.08,3432122.06
s-0-622,9979,345418098.19,34614.50,345.09,3432618.00
s-0-623,10040,345414916.21,34403.88,345.09,3432411.01
s-0-624,10051,345414359.23,34366.17,345.07,3431835.95
s-0-625,10154,345408972.24,34017.03,345.05,3431642.04
s-0-626,10076,345413087.76,34280.77,345.05,3432231.46
s-0-627,9966,345418883.28,34659.73,345.06,3432034.03
s-0-628,9977,345418326.29,34621.46,345.08,3432610.41
s-0-629,10250,345404014.31,33697.95,345.10,3431796.42
s-0-630,9897,345422567.33,34901.74,345.07,3432836.05
s-0-631,10006,345416865.34,34520.97,345.07,3431986.65
s-0-632,9955,345419563.36,34698.10,345.08,3432721.39
s-0-633,9895,345422733.88,34908.82,345.07,3432576.78
s-0-634,10029,345415719.40,34441.69,345.09,3432476.87
s-0-635,10107,345411644.91,34175.49,345.09,3432061.99
s-0-636,9914,345421797.93,34841.82,345.07,3432635.30
s-0-637,9973,345418720.95,34635.39,345.06,3432523.98
s-0-638,9914,345421838.96,34841.82,345.08,3432851.86
s-0-639,10016,345416504.48,34486.47,345.09,3432419.55
s-0-640,9979,345418467.50,34614.54,345.07,3432206.92
s-0-641,10193,345407253.01,33886.71,345.07,3431971.21
s-0-642,10094,345412471.03,34219.58,345.07,3432009.86
s-0-643,10203,345406769.05,33853.45,345.08,3431862.14
s-0-644,10256,345404007.06,33678.24,345.11,3431221.87
s-0-645,10109,345411745.08,34168.74,345.08,3431690.61
s-0-646,10014,345416753.10,34493.38,345.11,3431979.56
s-0-647,10044,345415198.61,34390.20,345.10,3432232.42
s-0-648,9950,345420154.13,34715.59,345.13,3432742.11
s-0-649,10114,345411564.65,34151.83,345.06,3432245.28
s-0-650,9947,345420352.66,34726.08,345.09,3432296.62
s-0-651,9923,345421633.18,34810.20,345.07,3432409.88
s-0-652,9936,345420971.20,34764.59,345.08,3432783.75
s-0-653,10065,345414219.21,34318.35,345.07,3432218.34
s-0-654,10006,345417337.23,34521.02,345.06,3432266.11
s-0-655,9862,345424917.75,35025.85,345.08,3432861.34
s-0-656,9944,345420633.26,34736.59,345.07,3432675.22
s-0-657,10189,345407791.28,33900.07,345.09,3432000.14
s-0-658,10038,345415739.30,34410.81,345.12,3431977.65
s-0-659,9997,345417912.31,34552.16,345.05,3432623.96
s-0-660,10005,345417512.83,34524.49,345.08,3432185.31
s-0-661,9949,345420473.35,34719.11,345.07,3432739.24
s-0-662,10037,345415873.86,34414.25,345.08,3432184.47
s-0-663,9974,345419201.88,34631.96,345.09,3431720.66
s-0-664,10058,345414812.40,34342.30,345.07,3432042.83
s-0-665,10194,345407692.91,33883.43,345.10,3431350.52
s-0-666,9926,345421783.43,34799.70,345.07,3432668.26
s-0-667,9944,345420858.95,34736.61,345.08,3432555.79
s-0-668,9943,345420931.96,34740.11,345.07,3430462.68
s-0-669,9955,345420322.48,34698.17,345.06,3432687.95
s-0-670,9819,345427483.00,35179.50,345.08,3432899.96
s-0-671,10053,345415218.52,34359.42,345.06,3432324.19
s-0-672,9997,345418179.03,34552.18,345.09,3432419.32
s-0-673,9941,345421139.55,34747.12,345.06,3432724.87
s-0-674,9891,345423785.07,34923.04,345.07,3432912.16
s-0-675,10040,345415983.08,34403.98,345.10,3432491.65
s-0-676,9929,345421831.10,34789.19,345.09,3431818.33
s-0-677,10070,345414449.12,34301.34,345.04,3431938.98
s-0-678,10074,345414259.63,34287.70,345.06,3432370.82
s-0-679,9983,345419057.65,34600.73,345.10,3432536.05
s-0-680,9933,345421703.17,34775.16,345.07,3432684.45
s-0-681,10171,345409228.68,33960.20,345.09,3431908.29
s-0-682,9972,345419696.70,34638.96,345.06,3432670.52
s-0-683,10155,345410109.72,34013.80,345.07,3432170.62
s-0-684,10204,345407557.73,33850.21,345.04,3431980.45
s-0-685,10035,345416450.75,34421.17,345.08,3432522.01
s-0-686,10105,345412796.27,34182.36,345.04,3432327.54
s-0-687,9823,345427621.78,35165.19,345.08,3433012.25
s-0-688,9856,345425909.80,35047.27,345.08,3432675.28
s-0-689,10004,345418160.32,34528.00,345.05,3432484.75
s-0-690,10123,345411933.33,34121.50,345.06,3432250.21
s-0-691,9885,345424448.85,34944.30,345.06,3432844.88
s-0-692,9970,345420006.87,34645.94,345.07,3432493.44
s-0-693,10025,345417139.88,34455.58,345.08,3432073.08
s-0-694,9949,345421150.40,34719.18,345.08,3432706.20
s-0-695,10154,345410408.42,34017.18,345.09,3430884.17
s-0-696,10123,345412056.43,34121.51,345.07,3432086.00
s-0-697,9849,345426461.95,35072.24,345.09,3432891.25
s-0-698,10104,345413094.97,34185.78,345.09,3432235.01
s-0-699,10151,345410647.98,34027.25,345.06,3432024.48
s-0-700,10137,345411403.50,34074.32,345.07,3432215.13
s-0-701,10101,345413314.02,34195.95,345.09,3432262.09
s-0-702,9973,345420054.54,34635.52,345.08,3431900.42
s-0-703,9945,345421545.05,34733.19,345.08,3432682.40
s-0-704,9929,345422405.57,34789.24,345.10,3432580.53
s-0-705,9939,345421901.09,34754.19,345.06,3432575.22
s-0-706,10011,345418141.60,34503.86,345.06,3432563.44
s-0-707,10129,345411967.12,34101.29,345.09,3431070.44
s-0-708,10109,345413037.64,34168.86,345.08,3431523.65
s-0-709,10099,345413583.15,34202.75,345.09,3431684.31
s-0-710,9897,345424208.67,34901.91,345.08,3432578.01
s-0-711,9988,345419451.69,34583.45,345.07,3432579.23
s-0-712,9911,345423514.70,34852.54,345.05,3432828.46
s-0-713,9932,345422432.72,34778.74,345.05,3432747.43
s-0-714,9999,345418935.74,34545.35,345.07,3431961.23
s-0-715,9911,345423576.25,34852.55,345.08,3432807.74
s-0-716,9770,345430999.27,35356.29,345.05,3433031.11
s-0-717,9965,345420782.29,34663.40,345.08,3432371.62
s-0-718,9863,345426157.80,35022.42,345.07,3432978.83
s-0-719,9914,345423500.82,34841.99,345.08,3432696.12
s-0-720,9907,345423888.84,34866.65,345.07,3432784.76
s-0-721,9959,345421179.35,34684.32,345.06,3432663.12
s-0-722,10044,345416737.37,34390.36,345.08,3432196.05
s-0-723,9911,345423740.39,34852.56,345.07,3432288.80
s-0-724,10090,345414363.40,34233.34,345.08,3432021.20
s-0-725,10177,345409816.42,33940.24,345.10,3431452.11
s-0-726,9906,345424064.44,34870.19,345.06,3432825.38
s-0-727,9932,345422719.95,34778.77,345.08,3432791.13
s-0-728,10046,345416755.47,34383.51,345.09,3432051.47
s-0-729,9888,345425070.99,34933.77,345.10,3432628.11
s-0-730,9972,345420681.50,34639.06,345.05,3432659.85
s-0-731,9825,345428419.52,35158.11,345.06,3433008.76
s-0-732,9951,345421825.04,34712.27,345.07,3432598.76
s-0-733,9860,345426623.06,35033.13,345.06,3432923.43
s-0-734,10030,345417718.57,34438.46,345.08,3432026.24
s-0-735,9975,345420626.59,34628.63,345.10,3432389.32
s-0-736,9851,345427157.11,35065.19,345.09,3432173.56
s-0-737,9874,345425970.12,34983.39,345.06,3432778.38
s-0-738,9833,345428143.14,35129.48,345.09,3432366.70
s-0-739,9976,345420656.16,34625.17,345.07,3432669.49
s-0-740,10140,345412066.67,34064.31,345.08,3431640.79
s-0-741,9925,345423374.69,34803.36,345.09,3432624.92
s-0-742,10047,345416990.21,34380.11,345.06,3432003.01
s-0-743,9997,345419635.72,34552.33,345.07,3432609.18
s-0-744,9980,345420548.74,34611.28,345.11,3431996.92
s-0-745,9912,345424139.26,34849.09,345.07,3432797.48
s-0-746,9914,345424054.77,34842.05,345.07,3432041.37
s-0-747,10019,345418562.79,34476.35,345.11,3432391.10
s-0-748,9925,345423518.31,34803.38,345.07,3432590.10
s-0-749,10048,345417081.32,34376.70,345.04,3432406.92
s-0-750,9885,345425659.34,34944.43,345.11,3432791.29
s-0-751,10093,345414759.86,34223.20,345.08,3432224.36
s-0-752,9897,345425070.37,34902.00,345.05,3432883.03
s-0-753,9936,345423043.39,34764.80,345.07,3432530.45
s-0-754,10031,345418076.41,34435.06,345.10,3432389.29
s-0-755,10069,345416101.92,34304.91,345.08,3432428.67
s-0-756,9945,345422632.44,34733.30,345.10,3432083.88
s-0-757,10166,345411050.46,33977.09,345.07,3431898.62
s-0-758,9792,345430705.97,35276.83,345.09,3432872.96
s-0-759,9967,345421538.99,34656.52,345.07,3432622.50
s-0-760,10000,345419827.01,34541.98,345.08,3431843.75
s-0-761,10011,345419270.02,34503.97,345.06,3432564.05
s-0-762,9882,345426063.04,34955.08,345.04,3432933.29
s-0-763,9977,345421096.06,34621.74,345.08,3432079.12
s-0-764,10023,345418701.57,34462.61,345.08,3432479.12
s-0-765,10029,345418407.09,34441.96,345.06,3432065.14
s-0-766,9935,345423362.61,34768.33,345.07,3432674.09
s-0-767,10004,345419760.63,34528.16,345.07,3432551.95
s-0-768,9935,345423403.64,34768.33,345.10,3432656.93
s-0-769,10154,345411926.66,34017.33,345.05,3432131.22
s-0-770,10114,345414047.18,34152.07,345.08,3432154.45
s-0-771,9994,345420367.69,34562.77,345.06,3432276.28
s-0-772,10054,345417238.21,34356.20,345.07,3432348.29
s-0-773,9933,345423611.23,34775.36,345.07,3432800.98
s-0-774,9900,345425364.24,34891.45,345.08,3432630.14
s-0-775,10105,345414622.26,34182.55,345.06,3431673.59
s-0-776,10037,345418212.78,34414.49,345.11,3432159.89
s-0-777,10078,345416080.79,34274.27,345.04,3432412.88
s-0-778,9981,345421193.81,34607.87,345.06,3432572.04
s-0-779,9922,345424311.83,34813.98,345.06,3432664.31
s-0-780,10087,345415669.84,34243.65,345.06,3432155.27
s-0-781,10100,345415007.86,34199.51,345.06,3432325.49
s-0-782,10112,345414398.38,34158.86,345.06,3432261.28
s-0-783,9899,345425601.39,34895.00,345.06,3432812.66
s-0-784,9868,345427249.41,35004.79,345.08,3432972.06
s-0-785,10117,345414197.43,34141.96,345.10,3432183.01
s-0-786,10058,345417315.44,34342.54,345.07,3432467.03
s-0-787,10134,345413345.96,34084.60,345.10,3432166.09
s-0-788,9908,345425231.48,34863.27,345.08,3432747.52
s-0-789,9894,345425986.99,34912.67,345.07,3432318.47
s-0-790,10067,345416925.01,34311.80,345.08,3432138.98
s-0-791,9903,345425555.53,34880.90,345.09,3432854.31
s-0-792,9862,345427728.54,35026.13,345.08,3432473.60
s-0-793,10041,345418351.56,34400.79,345.11,3432176.88
s-0-794,9839,345428977.08,35108.14,345.08,3432847.52
s-0-795,9985,345421332.59,34594.02,345.06,3432609.18
s-0-796,9945,345423453.11,34733.38,345.08,3432769.39
s-0-797,10056,345417646.13,34349.41,345.06,3432381.07
s-0-798,9884,345426696.65,34948.07,345.08,3432929.19
s-0-799,10265,345406714.66,33648.97,345.07,3431820.86
s-0-800,9971,345422170.18,34642.68,345.07,3432148.94
s-0-801,10100,345415418.20,34199.55,345.11,3432087.62
s-0-802,9847,345428721.21,35079.59,345.06,3432945.79
s-0-803,10055,345417821.73,34352.84,345.06,3432360.14
s-0-804,10116,345414639.75,34145.38,345.11,3432266.82
s-0-805,10169,345411877.76,33967.14,345.09,3430846.63
s-0-806,9929,345424498.28,34789.45,345.07,3432803.65
s-0-807,9834,345429506.30,35126.04,345.07,3432820.12
s-0-808,9986,345421546.81,34590.58,345.06,3432475.42
s-0-809,10124,345414322.33,34118.36,345.07,3432268.47
s-0-810,9835,345429515.35,35122.47,345.10,3432592.35
s-0-811,9924,345424863.36,34807.02,345.04,3432676.71
s-0-812,10085,345416431.38,34250.51,345.08,3432270.80
s-0-813,10003,345420756.90,34531.72,345.06,3431904.20
s-0-814,9884,345427024.91,34948.10,345.06,3431234.08
s-0-815,10017,345420062.93,34483.38,345.04,3432243.42
s-0-816,10033,345419243.45,34428.31,345.08,3432364.23
s-0-817,10074,345417111.46,34287.98,345.08,3432324.86
s-0-818,9934,345424481.98,34771.94,345.07,3432128.92
s-0-819,10033,345419305.00,34428.32,345.05,3432454.92
s-0-820,9997,345421215.51,34552.49,345.08,3432239.18
s-0-821,10027,345419661.03,34448.95,345.07,3432531.44
s-0-822,9898,345426454.05,34898.61,345.08,3432854.72
s-0-823,10094,345416184.56,34219.95,345.05,3432290.81
s-0-824,10180,345411690.08,33930.42,345.08,3432106.21
s-0-825,9941,345424258.10,34747.44,345.08,3432437.04
s-0-826,10050,345418556.11,34370.01,345.10,3432353.78
s-0-827,9989,345421779.13,34580.22,345.07,3432539.22
s-0-828,10024,345419962.15,34459.29,345.10,3431945.76
s-0-829,10018,345420297.66,34479.97,345.09,3432008.70
s-0-830,10004,345421053.18,34528.29,345.08,3432497.17
s-0-831,10027,345419866.20,34448.97,345.08,3432492.66
s-0-832,9938,345424559.22,34757.96,345.08,3432746.21
s-0-833,10121,345414972.23,34128.54,345.10,3432214.51
s-0-834,10005,345421082.75,34524.85,345.07,3432584.16
s-0-835,9823,345430658.27,35165.50,345.08,3432818.92
s-0-836,9941,345424483.78,34747.46,345.05,3432724.67
s-0-837,9980,345422456.80,34611.47,345.13,3432415.49
s-0-838,9857,345428934.82,35044.02,345.06,3432969.20
s-0-839,9990,345421972.83,34576.77,345.10,3432590.72
s-0-840,10013,345420785.85,34497.23,345.08,3432029.62
s-0-841,9963,345423431.37,34670.62,345.08,3432399.83
s-0-842,9905,345426496.88,34873.95,345.10,3432831.95
s-0-843,10195,345411292.40,33880.46,345.07,3431866.68
s-0-844,10032,345419870.42,34431.81,345.07,3432265.40
s-0-845,9870,345428395.93,34997.81,345.09,3432828.42
s-0-846,10059,345418493.95,34339.25,345.08,3432347.42
s-0-847,10077,345417569.47,34277.82,345.07,3432403.24
s-0-848,9928,345425412.48,34793.05,345.08,3432623.52
s-0-849,10168,345412833.00,33970.58,345.08,3432083.22
s-0-850,10178,345412328.52,33937.15,345.03,3431928.20
s-0-851,10019,345420696.53,34476.56,345.11,3432377.38
s-0-852,9840,345430114.55,35104.69,345.08,3433023.34
s-0-853,10005,345421472.57,34524.88,345.09,3429651.21
s-0-854,9959,345423908.08,34684.60,345.07,3432638.30
s-0-855,9968,345423456.10,34653.24,345.08,3432643.64
s-0-856,9913,345426364.12,34845.79,345.09,3432470.10
s-0-857,10076,345417827.13,34281.25,345.07,3432336.76
s-0-858,9855,345429450.15,35051.19,345.09,3433009.60
s-0-859,9953,345424325.67,34705.55,345.07,3432714.62
s-0-860,9816,345431538.68,35190.66,345.07,3432999.32
s-0-861,9882,345428094.20,34955.28,345.07,3432864.35
s-0-862,10095,345416932.22,34216.64,345.09,3432224.35
s-0-863,9950,345424565.24,34716.04,345.08,3432728.57
s-0-864,10037,345420018.25,34414.67,345.07,3432174.18
s-0-865,10094,345417046.27,34220.04,345.10,3432175.26
s-0-866,10065,345418589.29,34318.79,345.11,3432216.32
s-0-867,10021,345420919.80,34469.71,345.07,3432510.31
s-0-868,9863,345429235.32,35022.74,345.08,3432673.48
s-0-869,10113,345416130.84,34155.65,345.10,3432195.93
s-0-870,9869,345428961.35,35001.41,345.07,3432973.09
s-0-871,10116,345416014.37,34145.51,345.08,3432297.39
s-0-872,10118,345415929.89,34138.76,345.07,3432303.34
s-0-873,10077,345418102.90,34277.87,345.08,3432248.45
s-0-874,10037,345420223.42,34414.69,345.11,3432213.20
s-0-875,10125,345415623.94,34115.12,345.08,3432195.84
s-0-876,9960,345424306.95,34681.16,345.06,3432706.41
s-0-877,10116,345416137.47,34145.53,345.13,3432292.67
s-0-878,9990,345422772.99,34576.85,345.09,3432641.19
s-0-879,9968,345423948.50,34653.29,345.07,3432609.58
s-0-880,10108,345416619.02,34172.60,345.06,3432293.08
s-0-881,9883,345428452.04,34951.78,345.08,3432865.38
s-0-882,9972,345423800.05,34639.37,345.07,3432389.91
s-0-883,10035,345420513.07,34421.58,345.09,3431526.72
s-0-884,10137,345415178.59,34074.69,345.08,3431890.06
s-0-885,10124,345415881.60,34118.52,345.05,3432278.52
s-0-886,10037,345420469.62,34414.71,345.08,3432475.85
s-0-887,10124,345415922.64,34118.52,345.05,3431893.80
s-0-888,9984,345423293.15,34597.69,345.05,3432644.47
s-0-889,10017,345421581.17,34483.54,345.06,3432528.56
s-0-890,10010,345421969.19,34507.69,345.09,3432530.20
s-0-891,10002,345422409.70,34535.33,345.06,3432091.50
s-0-892,9981,345423532.72,34608.11,345.10,3432206.78
s-0-893,9966,345424340.74,34660.28,345.07,3432685.29
s-0-894,9940,345425726.25,34751.08,345.09,3431982.28
s-0-895,9998,345422701.77,34549.18,345.04,3432611.24
s-0-896,9970,345424192.29,34646.36,345.08,3432462.66
s-0-897,9959,345424790.31,34684.69,345.10,3432560.64
s-0-898,10034,345420873.32,34425.04,345.08,3432444.66
s-0-899,9955,345425041.34,34698.65,345.05,3432653.89
s-0-900,10090,345417974.36,34233.69,345.07,3432353.80
s-0-901,9982,345423664.87,34604.65,345.08,3431828.16
s-0-902,9843,345430982.89,35094.08,345.06,3432976.77
s-0-903,9922,345426855.91,34814.24,345.07,3432150.27
s-0-904,10187,345412963.92,33907.23,345.08,3432112.78
s-0-905,9876,345429311.94,34976.64,345.05,3432629.69
s-0-906,10053,345420039.96,34359.90,345.09,3432240.20
s-0-907,10043,345420585.47,34394.16,345.10,3432396.24
s-0-908,9955,345425225.99,34698.67,345.05,3432580.56
s-0-909,10075,345418946.51,34284.76,345.08,3432386.82
s-0-910,9771,345434927.02,35353.08,345.07,3433218.01
s-0-911,10044,345420615.04,34390.74,345.08,3431613.74
s-0-912,9958,345425150.56,34688.21,345.09,3432431.81
s-0-913,10033,345421233.57,34428.51,345.09,3431211.14
s-0-914,10091,345418209.09,34230.32,345.07,3432200.63
s-0-915,9938,345426262.11,34758.13,345.07,3432750.31
s-0-916,10107,345417410.12,34176.06,345.08,3432297.80
s-0-917,9922,345427143.14,34814.27,345.07,3432681.84
s-0-918,10040,345420968.66,34404.48,345.06,3432246.82
s-0-919,10056,345420149.17,34349.66,345.09,3432397.48
s-0-920,9982,345424054.69,34604.69,345.09,3432500.59
s-0-921,9988,345423760.21,34583.88,345.06,3432632.16
s-0-922,9974,345424515.72,34632.50,345.08,3432377.69
s-0-923,9851,345430993.74,35065.58,345.07,3432962.41
s-0-924,10128,345416471.76,34105.10,345.11,3432086.03
s-0-925,10097,345418119.77,34209.98,345.06,3432138.32
s-0-926,9895,345428745.29,34909.42,345.07,3432671.40
s-0-927,10167,345414485.81,33974.08,345.08,3432125.28
s-0-928,9923,345427316.33,34810.77,345.03,3432743.94
s-0-929,9969,345424921.84,34649.91,345.09,3432400.09
s-0-930,9955,345425677.36,34698.71,345.08,3432454.99
s-0-931,9953,345425802.88,34705.70,345.06,3432748.47
s-0-932,9932,345426925.89,34779.19,345.10,3432757.28
s-0-933,9956,345425686.41,34695.23,345.06,3432669.69
s-0-934,10034,345421611.93,34425.12,345.08,3432414.50
s-0-935,10091,345418639.94,34230.37,345.08,3432317.07
s-0-936,9985,345424225.46,34594.31,345.08,3432583.53
s-0-937,9802,345433853.48,35241.16,345.06,3433147.03
s-0-938,9881,345429726.49,34958.98,345.07,3432602.93
s-0-939,9946,345426334.51,34730.18,345.08,3432597.53
s-0-940,10080,345419320.03,34267.79,345.10,3432154.21
s-0-941,9861,345430838.04,35030.00,345.06,3431791.72
s-0-942,9965,345425398.56,34663.86,345.08,3431998.74
s-0-943,10042,345421376.58,34397.67,345.10,3431411.39
s-0-944,9937,345426909.59,34761.69,345.07,3432689.99
s-0-945,9968,345425302.61,34653.42,345.07,3432371.34
s-0-946,9865,345430730.63,35015.79,345.09,3432929.79
s-0-947,10015,345422876.14,34490.55,345.10,3432303.43
s-0-948,10028,345422214.16,34445.77,345.09,3432470.10
s-0-949,10106,345418139.68,34179.51,345.08,3432281.59
s-0-950,10100,345418475.19,34199.85,345.07,3432294.10
s-0-951,9899,345429048.21,34895.35,345.09,3432850.82
s-0-952,9912,345428386.23,34849.51,345.07,3432779.64
s-0-953,9841,345432134.24,35101.32,345.08,3432814.32
s-0-954,9962,345425802.26,34674.34,345.06,3432473.22
s-0-955,9945,345426715.28,34733.71,345.09,3432629.44
s-0-956,9888,345429728.29,34934.24,345.08,3431857.96
s-0-957,10007,345423501.31,34518.19,345.08,3432457.67
s-0-958,9811,345433811.83,35208.83,345.09,3432789.39
s-0-959,9960,345426009.85,34681.33,345.08,3432635.22
s-0-960,9806,345434115.36,35226.81,345.11,3432653.32
s-0-961,10042,345421745.88,34397.70,345.07,3432392.35
s-0-962,9961,345426018.90,34677.85,345.08,3432534.32
s-0-963,10002,345423886.91,34535.48,345.07,3432578.82
s-0-964,9916,345428422.43,34835.46,345.09,3432807.75
s-0-965,9909,345428810.45,34860.11,345.05,3432355.09
s-0-966,9949,345426730.96,34719.74,345.05,3432226.64
s-0-967,9835,345432736.48,35122.80,345.12,3432345.82
s-0-968,10048,345421574.50,34377.15,345.08,3432397.27
s-0-969,10012,345423485.01,34500.95,345.10,3432178.66
s-0-970,10058,345421090.53,34342.92,345.07,3432087.36
s-0-971,10140,345416806.05,34064.77,345.08,3431752.10
s-0-972,10029,345422654.06,34442.38,345.08,3432179.29
s-0-973,10054,345421362.08,34356.61,345.04,3432396.66
s-0-974,9947,345427000.10,34726.75,345.06,3431042.07
s-0-975,10052,345421508.11,34363.46,345.04,3432367.73
s-0-976,10050,345421633.63,34370.31,345.10,3432312.76
s-0-977,10048,345421759.15,34377.17,345.07,3432444.46
s-0-978,9902,345429444.66,34884.82,345.08,3432029.18
s-0-979,9936,345427680.18,34765.27,345.07,3432700.86
s-0-980,9994,345424655.70,34563.20,345.07,3432534.09
s-0-981,10103,345418953.71,34189.74,345.04,3432309.90
s-0-982,9995,345424644.23,34559.74,345.06,3432480.74
s-0-983,9994,345424717.25,34563.21,345.09,3432383.33
s-0-984,9997,345424580.26,34552.82,345.08,3432491.80
s-0-985,10006,345424128.28,34521.70,345.09,3432595.24
s-0-986,9908,345429293.80,34863.68,345.10,3432816.56
s-0-987,10062,345421229.32,34329.28,345.09,3432349.07
s-0-988,10103,345419097.33,34189.76,345.06,3432334.72
s-0-989,9802,345434920.35,35241.27,345.08,3433139.85
s-0-990,10157,345416303.36,34007.71,345.08,3432191.75
s-0-991,9980,345425616.38,34611.79,345.07,3432668.26
s-0-992,9917,345428944.40,34832.00,345.07,3432451.54
s-0-993,10022,345423452.42,34466.52,345.08,3432023.40
s-0-994,10034,345422842.93,34425.24,345.08,3432437.68
s-0-995,9851,345432470.95,35065.73,345.07,3432998.31
s-0-996,9924,345428658.97,34807.40,345.07,3432732.04
s-0-997,10256,345411249.48,33678.94,345.08,3431843.84
s-0-998,9886,345430695.00,34941.40,345.08,3432682.28
s-0-999,9913,345429298.02,34846.09,345.05,3432829.08

DATACENTER,TamaoMediocola,TareasMediasEnElSistema,tareas
0,0.0494347,1000.05,10000000





IoT Device,Tasks Executed,Energy Consumed,Average Energy Consumed,Average Time
iot-0-0,10000,2421434.18,242.14,345.92
iot-0-1,10000,2421372.63,242.14,345.91
iot-0-2,10000,2421336.20,242.13,345.90
iot-0-3,10000,2421465.77,242.15,345.92
iot-0-4,10000,2421428.86,242.14,345.92
iot-0-5,10000,2421499.81,242.15,345.93
iot-0-6,10000,2421397.57,242.14,345.91
iot-0-7,10000,2421407.61,242.14,345.91
iot-0-8,10000,2421412.54,242.14,345.92
iot-0-9,10000,2421481.00,242.15,345.92
iot-0-10,10000,2421469.22,242.15,345.92
iot-0-11,10000,2421456.01,242.15,345.92
iot-0-12,10000,2421438.63,242.14,345.92
iot-0-13,10000,2421479.13,242.15,345.92
iot-0-14,10000,2421331.85,242.13,345.90
iot-0-15,10000,2421403.36,242.14,345.91
iot-0-16,10000,2421461.46,242.15,345.92
iot-0-17,10000,2421414.14,242.14,345.92
iot-0-18,10000,2421415.72,242.14,345.92
iot-0-19,10000,2421354.70,242.14,345.91
iot-0-20,10000,2421412.11,242.14,345.91
iot-0-21,10000,2421412.40,242.14,345.91
iot-0-22,10000,2421402.19,242.14,345.91
iot-0-23,10000,2421496.51,242.15,345.93
iot-0-24,10000,2421425.42,242.14,345.92
iot-0-25,10000,2421428.72,242.14,345.92
iot-0-26,10000,2421471.09,242.15,345.92
iot-0-27,10000,2421472.23,242.15,345.92
iot-0-28,10000,2421475.11,242.15,345.92
iot-0-29,10000,2421432.74,242.14,345.92
iot-0-30,10000,2421483.44,242.15,345.93
iot-0-31,10000,2421438.34,242.14,345.92
iot-0-32,10000,2421399.47,242.14,345.91
iot-0-33,10000,2421479.42,242.15,345.92
iot-0-34,10000,2421484.01,242.15,345.93
iot-0-35,10000,2421405.86,242.14,345.91
iot-0-36,10000,2421371.26,242.14,345.91
iot-0-37,10000,2421366.21,242.14,345.91
iot-0-38,10000,2421453.71,242.15,345.92
iot-0-39,10000,2421482.57,242.15,345.93
iot-0-40,10000,2421443.80,242.14,345.92
iot-0-41,10000,2421393.07,242.14,345.91
iot-0-42,10000,2421463.47,242.15,345.92
iot-0-43,10000,2421436.90,242.14,345.92
iot-0-44,10000,2421457.73,242.15,345.92
iot-0-45,10000,2421475.97,242.15,345.92
iot-0-46,10000,2421365.35,242.14,345.91
iot-0-47,10000,2421470.08,242.15,345.92
iot-0-48,10000,2421353.72,242.14,345.91
iot-0-49,10000,2421462.76,242.15,345.92
iot-0-50,10000,2421413.28,242.14,345.92
iot-0-51,10000,2421446.96,242.14,345.92
iot-0-52,10000,2421488.03,242.15,345.93
iot-0-53,10000,2421500.81,242.15,345.93
iot-0-54,10000,2421447.10,242.14,345.92
iot-0-55,10000,2421488.75,242.15,345.93
iot-0-56,10000,2421395.65,242.14,345.91
iot-0-57,10000,2421374.91,242.14,345.91
iot-0-58,10000,2421409.86,242.14,345.91
iot-0-59,10000,2421388.26,242.14,345.91
iot-0-60,10000,2421501.25,242.15,345.93
iot-0-61,10000,2421447.96,242.14,345.92
iot-0-62,10000,2421349.21,242.13,345.91
iot-0-63,10000,2421502.97,242.15,345.93
iot-0-64,10000,2421416.15,242.14,345.92
iot-0-65,10000,2421391.60,242.14,345.91
iot-0-66,10000,2421473.38,242.15,345.92
iot-0-67,10000,2421418.30,242.14,345.92
iot-0-68,10000,2421471.66,242.15,345.92
iot-0-69,10000,2421503.26,242.15,345.93
iot-0-70,10000,2421493.35,242.15,345.93
iot-0-71,10000,2421454.57,242.15,345.92
iot-0-72,10000,2421449.40,242.14,345.92
iot-0-73,10000,2421483.88,242.15,345.93
iot-0-74,10000,2421464.19,242.15,345.92
iot-0-75,10000,2421417.59,242.14,345.92
iot-0-76,10000,2421456.29,242.15,345.92
iot-0-77,10000,2421450.98,242.15,345.92
iot-0-78,10000,2421418.45,242.14,345.92
iot-0-79,10000,2421405.29,242.14,345.91
iot-0-80,10000,2421491.34,242.15,345.93
iot-0-81,10000,2421489.18,242.15,345.93
iot-0-82,10000,2421361.57,242.14,345.91
iot-0-83,10000,2421476.11,242.15,345.92
iot-0-84,10000,2421424.55,242.14,345.92
iot-0-85,10000,2421362.85,242.14,345.91
iot-0-86,10000,2421385.76,242.14,345.91
iot-0-87,10000,2421326.13,242.13,345.90
iot-0-88,10000,2421411.95,242.14,345.91
iot-0-89,10000,2421366.06,242.14,345.91
iot-0-90,10000,2421373.71,242.14,345.91
iot-0-91,10000,2421501.53,242.15,345.93
iot-0-92,10000,2421454.28,242.15,345.92
iot-0-93,10000,2421467.06,242.15,345.92
iot-0-94,10000,2421343.82,242.13,345.91
iot-0-95,10000,2421388.95,242.14,345.91
iot-0-96,10000,2421437.62,242.14,345.92
iot-0-97,10000,2421503.54,242.15,345.93
iot-0-98,10000,2421435.47,242.14,345.92
iot-0-99,10000,2421367.93,242.14,345.91
iot-0-100,10000,2421474.82,242.15,345.92
iot-0-101,10000,2421368.71,242.14,345.91
iot-0-102,10000,2421391.04,242.14,345.91
iot-0-103,10000,2421369.26,242.14,345.91
iot-0-104,10000,2421495.64,242.15,345.93
iot-0-105,10000,2421418.16,242.14,345.92
iot-0-106,10000,2421360.08,242.14,345.91
iot-0-107,10000,2421407.01,242.14,345.91
iot-0-108,10000,2421415.15,242.14,345.92
iot-0-109,10000,2421403.50,242.14,345.91
iot-0-110,10000,2421498.95,242.15,345.93
iot-0-111,10000,2421466.78,242.15,345.92
iot-0-112,10000,2421465.34,242.15,345.92
iot-0-113,10000,2421444.80,242.14,345.92
iot-0-114,10000,2421429.72,242.14,345.92
iot-0-115,10000,2421408.49,242.14,345.91
iot-0-116,10000,2421455.29,242.15,345.92
iot-0-117,10000,2421326.75,242.13,345.90
iot-0-118,10000,2421380.17,242.14,345.91
iot-0-119,10000,2421457.44,242.15,345.92
iot-0-120,10000,2421439.92,242.14,345.92
iot-0-121,10000,2421367.48,242.14,345.91
iot-0-122,10000,2421377.02,242.14,345.91
iot-0-123,10000,2421469.36,242.15,345.92
iot-0-124,10000,2421490.33,242.15,345.93
iot-0-125,10000,2421390.03,242.14,345.91
iot-0-126,10000,2421490.62,242.15,345.93
iot-0-127,10000,2421481.71,242.15,345.92
iot-0-128,10000,2421412.25,242.14,345.91
iot-0-129,10000,2421470.80,242.15,345.92
iot-0-130,10000,2421334.42,242.13,345.90
iot-0-131,10000,2421483.58,242.15,345.93
iot-0-132,10000,2421497.37,242.15,345.93
iot-0-133,10000,2421418.02,242.14,345.92
iot-0-134,10000,2421488.46,242.15,345.93
iot-0-135,10000,2421450.55,242.15,345.92
iot-0-136,10000,2421416.72,242.14,345.92
iot-0-137,10000,2421455.14,242.15,345.92
iot-0-138,10000,2421451.12,242.15,345.92
iot-0-139,10000,2421385.90,242.14,345.91
iot-0-140,10000,2421501.40,242.15,345.93
iot-0-141,10000,2421366.98,242.14,345.91
iot-0-142,10000,2421461.32,242.15,345.92
iot-0-143,10000,2421444.66,242.14,345.92
iot-0-144,10000,2421442.36,242.14,345.92
iot-0-145,10000,2421369.72,242.14,345.91
iot-0-146,10000,2421390.90,242.14,345.91
iot-0-147,10000,2421337.73,242.13,345.90
iot-0-148,10000,2421471.80,242.15,345.92
iot-0-149,10000,2421362.42,242.14,345.91
iot-0-150,10000,2421463.90,242.15,345.92
iot-0-151,10000,2421384.16,242.14,345.91
iot-0-152,10000,2421459.60,242.15,345.92
iot-0-153,10000,2421395.87,242.14,345.91
iot-0-154,10000,2421422.97,242.14,345.92
iot-0-155,10000,2421495.07,242.15,345.93
iot-0-156,10000,2421356.37,242.14,345.91
iot-0-157,10000,2421456.87,242.15,345.92
iot-0-158,10000,2421433.89,242.14,345.92
iot-0-159,10000,2421364.49,242.14,345.91
iot-0-160,10000,2421464.62,242.15,345.92
iot-0-161,10000,2421443.94,242.14,345.92
iot-0-162,10000,2421469.65,242.15,345.92
iot-0-163,10000,2421494.78,242.15,345.93
iot-0-164,10000,2421340.58,242.13,345.90
iot-0-165,10000,2421341.04,242.13,345.90
iot-0-166,10000,2421443.22,242.14,345.92
iot-0-167,10000,2421495.79,242.15,345.93
iot-0-168,10000,2421445.38,242.14,345.92
iot-0-169,10000,2421353.92,242.14,345.91
iot-0-170,10000,2421480.56,242.15,345.92
iot-0-171,10000,2421446.67,242.14,345.92
iot-0-172,10000,2421391.37,242.14,345.91
iot-0-173,10000,2421421.54,242.14,345.92
iot-0-174,10000,2421366.36,242.14,345.91
iot-0-175,10000,2421473.81,242.15,345.92
iot-0-176,10000,2421496.94,242.15,345.93
iot-0-177,10000,2421467.21,242.15,345.92
iot-0-178,10000,2421420.39,242.14,345.92
iot-0-179,10000,2421417.16,242.14,345.92
iot-0-180,10000,2421480.85,242.15,345.92
iot-0-181,10000,2421360.28,242.14,345.91
iot-0-182,10000,2421486.88,242.15,345.93
iot-0-183,10000,2421497.08,242.15,345.93
iot-0-184,10000,2421470.65,242.15,345.92
iot-0-185,10000,2421431.30,242.14,345.92
iot-0-186,10000,2421503.40,242.15,345.93
iot-0-187,10000,2421486.60,242.15,345.93
iot-0-188,10000,2421437.34,242.14,345.92
iot-0-189,10000,2421422.11,242.14,345.92
iot-0-190,10000,2421374.77,242.14,345.91
iot-0-191,10000,2421431.02,242.14,345.92
iot-0-192,10000,2421451.41,242.15,345.92
iot-0-193,10000,2421349.64,242.13,345.91
iot-0-194,10000,2421349.06,242.13,345.91
iot-0-195,10000,2421381.16,242.14,345.91
iot-0-196,10000,2421483.72,242.15,345.93
iot-0-197,10000,2421468.64,242.15,345.92
iot-0-198,10000,2421406.15,242.14,345.91
iot-0-199,10000,2421492.05,242.15,345.93
iot-0-200,10000,2421417.87,242.14,345.92
iot-0-201,10000,2421475.25,242.15,345.92
iot-0-202,10000,2421338.02,242.13,345.90
iot-0-203,10000,2421373.86,242.14,345.91
iot-0-204,10000,2421452.70,242.15,345.92
iot-0-205,10000,2421469.94,242.15,345.92
iot-0-206,10000,2421355.56,242.14,345.91
iot-0-207,10000,2421492.92,242.15,345.93
iot-0-208,10000,2421443.65,242.14,345.92
iot-0-209,10000,2421370.21,242.14,345.91
iot-0-210,10000,2421442.07,242.14,345.92
iot-0-211,10000,2421379.77,242.14,345.91
iot-0-212,10000,2421433.17,242.14,345.92
iot-0-213,10000,2421451.98,242.15,345.92
iot-0-214,10000,2421498.23,242.15,345.93
iot-0-215,10000,2421496.22,242.15,345.93
iot-0-216,10000,2421424.84,242.14,345.92
iot-0-217,10000,2421390.46,242.14,345.91
iot-0-218,10000,2421459.02,242.15,345.92
iot-0-219,10000,2421500.53,242.15,345.93
iot-0-220,10000,2421439.78,242.14,345.92
iot-0-221,10000,2421440.64,242.14,345.92
iot-0-222,10000,2421423.26,242.14,345.92
iot-0-223,10000,2421494.64,242.15,345.93
iot-0-224,10000,2421466.06,242.15,345.92
iot-0-225,10000,2421426.85,242.14,345.92
iot-0-226,10000,2421501.68,242.15,345.93
iot-0-227,10000,2421464.34,242.15,345.92
iot-0-228,10000,2421324.63,242.13,345.90
iot-0-229,10000,2421403.22,242.14,345.91
iot-0-230,10000,2421412.68,242.14,345.92
iot-0-231,10000,2421423.84,242.14,345.92
iot-0-232,10000,2421498.80,242.15,345.93
iot-0-233,10000,2421402.87,242.14,345.91
iot-0-234,10000,2421427.14,242.14,345.92
iot-0-235,10000,2421486.17,242.15,345.93
iot-0-236,10000,2421393.47,242.14,345.91
iot-0-237,10000,2421496.07,242.15,345.93
iot-0-238,10000,2421425.99,242.14,345.92
iot-0-239,10000,2421385.01,242.14,345.91
iot-0-240,10000,2421336.43,242.13,345.90
iot-0-241,10000,2421492.34,242.15,345.93
iot-0-242,10000,2421481.57,242.15,345.92
iot-0-243,10000,2421438.05,242.14,345.92
iot-0-244,10000,2421386.47,242.14,345.91
iot-0-245,10000,2421487.89,242.15,345.93
iot-0-246,10000,2421343.68,242.13,345.91
iot-0-247,10000,2421460.03,242.15,345.92
iot-0-248,10000,2421461.61,242.15,345.92
iot-0-249,10000,2421408.64,242.14,345.91
iot-0-250,10000,2421461.18,242.15,345.92
iot-0-251,10000,2421367.12,242.14,345.91
iot-0-252,10000,2421390.32,242.14,345.91
iot-0-253,10000,2421503.83,242.15,345.93
iot-0-254,10000,2421435.61,242.14,345.92
iot-0-255,10000,2421400.78,242.14,345.91
iot-0-256,10000,2421477.13,242.15,345.92
iot-0-257,10000,2421498.09,242.15,345.93
iot-0-258,10000,2421448.25,242.14,345.92
iot-0-259,10000,2421469.07,242.15,345.92
iot-0-260,10000,2421495.36,242.15,345.93
iot-0-261,10000,2421494.06,242.15,345.93
iot-0-262,10000,2421377.51,242.14,345.91
iot-0-263,10000,2421350.18,242.14,345.91
iot-0-264,10000,2421455.00,242.15,345.92
iot-0-265,10000,2421348.23,242.13,345.91
iot-0-266,10000,2421503.11,242.15,345.93
iot-0-267,10000,2421448.54,242.14,345.92
iot-0-268,10000,2421359.31,242.14,345.91
iot-0-269,10000,2421430.87,242.14,345.92
iot-0-270,10000,2421421.39,242.14,345.92
iot-0-271,10000,2421392.92,242.14,345.91
iot-0-272,10000,2421456.72,242.15,345.92
iot-0-273,10000,2421367.62,242.14,345.91
iot-0-274,10000,2421371.41,242.14,345.91
iot-0-275,10000,2421336.57,242.13,345.90
iot-0-276,10000,2421384.02,242.14,345.91
iot-0-277,10000,2421367.27,242.14,345.91
iot-0-278,10000,2421415.00,242.14,345.92
iot-0-279,10000,2421499.09,242.15,345.93
iot-0-280,10000,2421365.74,242.14,345.91
iot-0-281,10000,2421484.87,242.15,345.93
iot-0-282,10000,2421486.74,242.15,345.93
iot-0-283,10000,2421386.19,242.14,345.91
iot-0-284,10000,2421375.87,242.14,345.91
iot-0-285,10000,2421369.04,242.14,345.91
iot-0-286,10000,2421459.88,242.15,345.92
iot-0-287,10000,2421397.14,242.14,345.91
iot-0-288,10000,2421399.90,242.14,345.91
iot-0-289,10000,2421496.65,242.15,345.93
iot-0-290,10000,2421409.07,242.14,345.91
iot-0-291,10000,2421331.13,242.13,345.90
iot-0-292,10000,2421383.73,242.14,345.91
iot-0-293,10000,2421376.73,242.14,345.91
iot-0-294,10000,2421493.20,242.15,345.93
iot-0-295,10000,2421420.24,242.14,345.92
iot-0-296,10000,2421484.15,242.15,345.93
iot-0-297,10000,2421470.37,242.15,345.92
iot-0-298,10000,2421368.86,242.14,345.91
iot-0-299,10000,2421421.97,242.14,345.92
iot-0-300,10000,2421476.26,242.15,345.92
iot-0-301,10000,2421408.32,242.14,345.91
iot-0-302,10000,2421406.87,242.14,345.91
iot-0-303,10000,2421375.73,242.14,345.91
iot-0-304,10000,2421377.65,242.14,345.91
iot-0-305,10000,2421458.02,242.15,345.92
iot-0-306,10000,2421434.03,242.14,345.92
iot-0-307,10000,2421459.31,242.15,345.92
iot-0-308,10000,2421424.41,242.14,345.92
iot-0-309,10000,2421436.19,242.14,345.92
iot-0-310,10000,2421446.24,242.14,345.92
iot-0-311,10000,2421372.34,242.14,345.91
iot-0-312,10000,2421429.29,242.14,345.92
iot-0-313,10000,2421370.07,242.14,345.91
iot-0-314,10000,2421478.98,242.15,345.92
iot-0-315,10000,2421352.15,242.14,345.91
iot-0-316,10000,2421400.18,242.14,345.91
iot-0-317,10000,2421439.35,242.14,345.92
iot-0-318,10000,2421422.83,242.14,345.92
iot-0-319,10000,2421371.09,242.14,345.91
iot-0-320,10000,2421476.54,242.15,345.92
iot-0-321,10000,2421499.38,242.15,345.93
iot-0-322,10000,2421457.01,242.15,345.92
iot-0-323,10000,2421451.55,242.15,345.92
iot-0-324,10000,2421383.76,242.14,345.91
iot-0-325,10000,2421433.60,242.14,345.92
iot-0-326,10000,2421404.43,242.14,345.91
iot-0-327,10000,2421491.62,242.15,345.93
iot-0-328,10000,2421459.17,242.15,345.92
iot-0-329,10000,2421415.43,242.14,345.92
iot-0-330,10000,2421410.71,242.14,345.91
iot-0-331,10000,2421501.39,242.15,345.93
iot-0-332,10000,2421475.82,242.15,345.92
iot-0-333,10000,2421431.16,242.14,345.92
iot-0-334,10000,2421432.17,242.14,345.92
iot-0-335,10000,2421384.67,242.14,345.91
iot-0-336,10000,2421440.06,242.14,345.92
iot-0-337,10000,2421411.52,242.14,345.91
iot-0-338,10000,2421409.35,242.14,345.91
iot-0-339,10000,2421488.18,242.15,345.93
iot-0-340,10000,2421424.98,242.14,345.92
iot-0-341,10000,2421469.79,242.15,345.92
iot-0-342,10000,2421338.30,242.13,345.90
iot-0-343,10000,2421450.26,242.15,345.92
iot-0-344,10000,2421439.49,242.14,345.92
iot-0-345,10000,2421444.96,242.14,345.92
iot-0-346,10000,2421419.53,242.14,345.92
iot-0-347,10000,2421396.16,242.14,345.91
iot-0-348,10000,2421365.88,242.14,345.91
iot-0-349,10000,2421445.09,242.14,345.92
iot-0-350,10000,2421396.01,242.14,345.91
iot-0-351,10000,2421443.08,242.14,345.92
iot-0-352,10000,2421403.65,242.14,345.91
iot-0-353,10000,2421380.31,242.14,345.91
iot-0-354,10000,2421456.44,242.15,345.92
iot-0-355,10000,2421405.15,242.14,345.91
iot-0-356,10000,2421386.62,242.14,345.91
iot-0-357,10000,2421399.18,242.14,345.91
iot-0-358,10000,2421413.71,242.14,345.92
iot-0-359,10000,2421453.99,242.15,345.92
iot-0-360,10000,2421500.10,242.15,345.93
iot-0-361,10000,2421358.46,242.14,345.91
iot-0-362,10000,2421428.43,242.14,345.92
iot-0-363,10000,2421440.49,242.14,345.92
iot-0-364,10000,2421410.30,242.14,345.91
iot-0-365,10000,2421357.77,242.14,345.91
iot-0-366,10000,2421486.45,242.15,345.93
iot-0-367,10000,2421446.10,242.14,345.92
iot-0-368,10000,2421423.69,242.14,345.92
iot-0-369,10000,2421410.54,242.14,345.91
iot-0-370,10000,2421485.88,242.15,345.93
iot-0-371,10000,2421415.43,242.14,345.92
iot-0-372,10000,2421435.32,242.14,345.92
iot-0-373,10000,2421407.46,242.14,345.91
iot-0-374,10000,2421400.93,242.14,345.91
iot-0-375,10000,2421398.68,242.14,345.91
iot-0-376,10000,2421484.73,242.15,345.93
iot-0-377,10000,2421495.21,242.15,345.93
iot-0-378,10000,2421482.86,242.15,345.93
iot-0-379,10000,2421482.43,242.15,345.92
iot-0-380,10000,2421478.84,242.15,345.92
iot-0-381,10000,2421489.61,242.15,345.93
iot-0-382,10000,2421443.96,242.14,345.92
iot-0-383,10000,2421391.18,242.14,345.91
iot-0-384,10000,2421449.97,242.14,345.92
iot-0-385,10000,2421411.80,242.14,345.91
iot-0-386,10000,2421397.71,242.14,345.91
iot-0-387,10000,2421335.38,242.13,345.90
iot-0-388,10000,2421426.56,242.14,345.92
iot-0-389,10000,2421371.56,242.14,345.91
iot-0-390,10000,2421397.00,242.14,345.91
iot-0-391,10000,2421470.51,242.15,345.92
iot-0-392,10000,2421471.37,242.15,345.92
iot-0-393,10000,2421421.11,242.14,345.92
iot-0-394,10000,2421352.47,242.14,345.91
iot-0-395,10000,2421494.35,242.15,345.93
iot-0-396,10000,2421358.20,242.14,345.91
iot-0-397,10000,2421488.61,242.15,345.93
iot-0-398,10000,2421499.52,242.15,345.93
iot-0-399,10000,2421381.31,242.14,345.91
iot-0-400,10000,2421405.58,242.14,345.91
iot-0-401,10000,2421474.25,242.15,345.92
iot-0-402,10000,2421424.27,242.14,345.92
iot-0-403,10000,2421348.09,242.13,345.91
iot-0-404,10000,2421438.92,242.14,345.92
iot-0-405,10000,2421420.53,242.14,345.92
iot-0-406,10000,2421473.96,242.15,345.92
iot-0-407,10000,2421437.05,242.14,345.92
iot-0-408,10000,2421456.15,242.15,345.92
iot-0-409,10000,2421356.61,242.14,345.91
iot-0-410,10000,2421479.00,242.15,345.92
iot-0-411,10000,2421442.22,242.14,345.92
iot-0-412,10000,2421466.63,242.15,345.92
iot-0-413,10000,2421485.45,242.15,345.93
iot-0-414,10000,2421337.29,242.13,345.90
iot-0-415,10000,2421473.68,242.15,345.92
iot-0-416,10000,2421428.57,242.14,345.92
iot-0-417,10000,2421476.83,242.15,345.92
iot-0-418,10000,2421462.32,242.15,345.92
iot-0-419,10000,2421394.39,242.14,345.91
iot-0-420,10000,2421353.43,242.14,345.91
iot-0-421,10000,2421362.27,242.14,345.91
iot-0-422,10000,2421468.79,242.15,345.92
iot-0-423,10000,2421451.27,242.15,345.92
iot-0-424,10000,2421429.15,242.14,345.92
iot-0-425,10000,2421417.73,242.14,345.92
iot-0-426,10000,2421444.52,242.14,345.92
iot-0-427,10000,2421367.79,242.14,345.91
iot-0-428,10000,2421458.59,242.15,345.92
iot-0-429,10000,2421479.70,242.15,345.92
iot-0-430,10000,2421406.30,242.14,345.91
iot-0-431,10000,2421340.89,242.13,345.90
iot-0-432,10000,2421352.33,242.14,345.91
iot-0-433,10000,2421438.48,242.14,345.92
iot-0-434,10000,2421376.44,242.14,345.91
iot-0-435,10000,2421398.14,242.14,345.91
iot-0-436,10000,2421413.12,242.14,345.92
iot-0-437,10000,2421458.30,242.15,345.92
iot-0-438,10000,2421467.50,242.15,345.92
iot-0-439,10000,2421497.80,242.15,345.93
iot-0-440,10000,2421477.26,242.15,345.92
iot-0-441,10000,2421397.86,242.14,345.91
iot-0-442,10000,2421373.43,242.14,345.91
iot-0-443,10000,2421454.43,242.15,345.92
iot-0-444,10000,2421357.92,242.14,345.91
iot-0-445,10000,2421485.59,242.15,345.93
iot-0-446,10000,2421336.39,242.13,345.90
iot-0-447,10000,2421351.72,242.14,345.91
iot-0-448,10000,2421377.36,242.14,345.91
iot-0-449,10000,2421390.18,242.14,345.91
iot-0-450,10000,2421469.51,242.15,345.92
iot-0-451,10000,2421499.23,242.15,345.93
iot-0-452,10000,2421420.68,242.14,345.92
iot-0-453,10000,2421463.33,242.15,345.92
iot-0-454,10000,2421366.83,242.14,345.91
iot-0-455,10000,2421449.54,242.14,345.92
iot-0-456,10000,2421345.92,242.13,345.91
iot-0-457,10000,2421389.74,242.14,345.91
iot-0-458,10000,2421491.77,242.15,345.93
iot-0-459,10000,2421478.27,242.15,345.92
iot-0-460,10000,2421503.97,242.15,345.93
iot-0-461,10000,2421400.50,242.14,345.91
iot-0-462,10000,2421329.42,242.13,345.90
iot-0-463,10000,2421453.56,242.15,345.92
iot-0-464,10000,2421431.59,242.14,345.92
iot-0-465,10000,2421447.39,242.14,345.92
iot-0-466,10000,2421477.69,242.15,345.92
iot-0-467,10000,2421439.63,242.14,345.92
iot-0-468,10000,2421442.51,242.14,345.92
iot-0-469,10000,2421464.48,242.15,345.92
iot-0-470,10000,2421429.44,242.14,345.92
iot-0-471,10000,2421441.93,242.14,345.92
iot-0-472,10000,2421386.04,242.14,345.91
iot-0-473,10000,2421489.90,242.15,345.93
iot-0-474,10000,2421422.40,242.14,345.92
iot-0-475,10000,2421434.75,242.14,345.92
iot-0-476,10000,2421487.60,242.15,345.93
iot-0-477,10000,2421401.88,242.14,345.91
iot-0-478,10000,2421497.51,242.15,345.93
iot-0-479,10000,2421368.08,242.14,345.91
iot-0-480,10000,2421362.70,242.14,345.91
iot-0-481,10000,2421504.26,242.15,345.93
iot-0-482,10000,2421390.75,242.14,345.91
iot-0-483,10000,2421428.29,242.14,345.92
iot-0-484,10000,2421483.29,242.15,345.93
iot-0-485,10000,2421447.53,242.14,345.92
iot-0-486,10000,2421453.42,242.15,345.92
iot-0-487,10000,2421330.71,242.13,345.90
iot-0-488,10000,2421344.11,242.13,345.91
iot-0-489,10000,2421428.14,242.14,345.92
iot-0-490,10000,2421420.10,242.14,345.92
iot-0-491,10000,2421376.87,242.14,345.91
iot-0-492,10000,2421337.15,242.13,345.90
iot-0-493,10000,2421502.25,242.15,345.93
iot-0-494,10000,2421440.93,242.14,345.92
iot-0-495,10000,2421452.99,242.15,345.92
iot-0-496,10000,2421430.15,242.14,345.92
iot-0-497,10000,2421408.04,242.14,345.91
iot-0-498,10000,2421441.36,242.14,345.92
iot-0-499,10000,2421479.27,242.15,345.92
iot-0-500,10000,2421372.02,242.14,345.91
iot-0-501,10000,2421344.81,242.13,345.91
iot-0-502,10000,2421490.47,242.15,345.93
iot-0-503,10000,2421433.31,242.14,345.92
iot-0-504,10000,2421474.10,242.15,345.92
iot-0-505,10000,2421379.47,242.14,345.91
iot-0-506,10000,2421426.71,242.14,345.92
iot-0-507,10000,2421401.73,242.14,345.91
iot-0-508,10000,2421468.50,242.15,345.92
iot-0-509,10000,2421430.73,242.14,345.92
iot-0-510,10000,2421500.96,242.15,345.93
iot-0-511,10000,2421398.41,242.14,345.91
iot-0-512,10000,2421460.75,242.15,345.92
iot-0-513,10000,2421490.04,242.15,345.93
iot-0-514,10000,2421491.21,242.15,345.93
iot-0-515,10000,2421427.86,242.14,345.92
iot-0-516,10000,2421483.01,242.15,345.93
iot-0-517,10000,2421481.14,242.15,345.92
iot-0-518,10000,2421498.66,242.15,345.93
iot-0-519,10000,2421474.39,242.15,345.92
iot-0-520,10000,2421378.76,242.14,345.91
iot-0-521,10000,2421465.63,242.15,345.92
iot-0-522,10000,2421461.03,242.15,345.92
iot-0-523,10000,2421435.76,242.14,345.92
iot-0-524,10000,2421354.06,242.14,345.91
iot-0-525,10000,2421416.01,242.14,345.92
iot-0-526,10000,2421430.01,242.14,345.92
iot-0-527,10000,2421447.68,242.14,345.92
iot-0-528,10000,2421478.55,242.15,345.92
iot-0-529,10000,2421448.82,242.14,345.92
iot-0-530,10000,2421416.44,242.14,345.92
iot-0-531,10000,2421444.37,242.14,345.92
iot-0-532,10000,2421346.90,242.13,345.91
iot-0-533,10000,2421435.90,242.14,345.92
iot-0-534,10000,2421414.00,242.14,345.92
iot-0-535,10000,2421498.52,242.15,345.93
iot-0-536,10000,2421470.22,242.15,345.92
iot-0-537,10000,2421386.33,242.14,345.91
iot-0-538,10000,2421501.10,242.15,345.93
iot-0-539,10000,2421426.28,242.14,345.92
iot-0-540,10000,2421452.42,242.15,345.92
iot-0-541,10000,2421465.92,242.15,345.92
iot-0-542,10000,2421463.19,242.15,345.92
iot-0-543,10000,2421397.43,242.14,345.91
iot-0-544,10000,2421425.85,242.14,345.92
iot-0-545,10000,2421400.04,242.14,345.91
iot-0-546,10000,2421480.13,242.15,345.92
iot-0-547,10000,2421488.89,242.15,345.93
iot-0-548,10000,2421493.63,242.15,345.93
iot-0-549,10000,2421426.13,242.14,345.92
iot-0-550,10000,2421443.51,242.14,345.92
iot-0-551,10000,2421440.78,242.14,345.92
iot-0-552,10000,2421359.93,242.14,345.91
iot-0-553,10000,2421457.15,242.15,345.92
iot-0-554,10000,2421483.15,242.15,345.93
iot-0-555,10000,2421336.86,242.13,345.90
iot-0-556,10000,2421406.01,242.14,345.91
iot-0-557,10000,2421427.28,242.14,345.92
iot-0-558,10000,2421383.59,242.14,345.91
iot-0-559,10000,2421415.86,242.14,345.92
iot-0-560,10000,2421432.88,242.14,345.92
iot-0-561,10000,2421490.19,242.15,345.93
iot-0-562,10000,2421388.12,242.14,345.91
iot-0-563,10000,2421453.13,242.15,345.92
iot-0-564,10000,2421418.59,242.14,345.92
iot-0-565,10000,2421405.43,242.14,345.91
iot-0-566,10000,2421459.74,242.15,345.92
iot-0-567,10000,2421431.73,242.14,345.92
iot-0-568,10000,2421341.18,242.13,345.90
iot-0-569,10000,2421448.11,242.14,345.92
iot-0-570,10000,2421465.05,242.15,345.92
iot-0-571,10000,2421433.74,242.14,345.92
iot-0-572,10000,2421405.72,242.14,345.91
iot-0-573,10000,2421381.66,242.14,345.91
iot-0-574,10000,2421460.46,242.15,345.92
iot-0-575,10000,2421419.38,242.14,345.92
iot-0-576,10000,2421428.00,242.14,345.92
iot-0-577,10000,2421355.27,242.14,345.91
iot-0-578,10000,2421444.95,242.14,345.92
iot-0-579,10000,2421452.85,242.15,345.92
iot-0-580,10000,2421466.35,242.15,345.92
iot-0-581,10000,2421348.43,242.13,345.91
iot-0-582,10000,2421463.04,242.15,345.92
iot-0-583,10000,2421476.40,242.15,345.92
iot-0-584,10000,2421482.14,242.15,345.92
iot-0-585,10000,2421440.35,242.14,345.92
iot-0-586,10000,2421354.98,242.14,345.91
iot-0-587,10000,2421460.17,242.15,345.92
iot-0-588,10000,2421451.84,242.15,345.92
iot-0-589,10000,2421499.67,242.15,345.93
iot-0-590,10000,2421343.39,242.13,345.91
iot-0-591,10000,2421482.29,242.15,345.92
iot-0-592,10000,2421372.20,242.14,345.91
iot-0-593,10000,2421492.48,242.15,345.93
iot-0-594,10000,2421372.87,242.14,345.91
iot-0-595,10000,2421378.60,242.14,345.91
iot-0-596,10000,2421444.23,242.14,345.92
iot-0-597,10000,2421421.25,242.14,345.92
iot-0-598,10000,2421472.25,242.15,345.92
iot-0-599,10000,2421466.92,242.15,345.92
iot-0-600,10000,2421378.92,242.14,345.91
iot-0-601,10000,2421458.45,242.15,345.92
iot-0-602,10000,2421364.12,242.14,345.91
iot-0-603,10000,2421329.63,242.13,345.90
iot-0-604,10000,2421471.23,242.15,345.92
iot-0-605,10000,2421416.29,242.14,345.92
iot-0-606,10000,2421412.97,242.14,345.92
iot-0-607,10000,2421501.82,242.15,345.93
iot-0-608,10000,2421425.56,242.14,345.92
iot-0-609,10000,2421434.61,242.14,345.92
iot-0-610,10000,2421399.32,242.14,345.91
iot-0-611,10000,2421442.94,242.14,345.92
iot-0-612,10000,2421467.35,242.15,345.92
iot-0-613,10000,2421365.04,242.14,345.91
iot-0-614,10000,2421396.85,242.14,345.91
iot-0-615,10000,2421413.85,242.14,345.92
iot-0-616,10000,2421422.54,242.14,345.92
iot-0-617,10000,2421340.73,242.13,345.90
iot-0-618,10000,2421462.61,242.15,345.92
iot-0-619,10000,2421472.67,242.15,345.92
iot-0-620,10000,2421449.69,242.14,345.92
iot-0-621,10000,2421492.63,242.15,345.93
iot-0-622,10000,2421383.26,242.14,345.91
iot-0-623,10000,2421376.58,242.14,345.91
iot-0-624,10000,2421484.30,242.15,345.93
iot-0-625,10000,2421434.46,242.14,345.92
iot-0-626,10000,2421441.79,242.14,345.92
iot-0-627,10000,2421394.44,242.14,345.91
iot-0-628,10000,2421419.96,242.14,345.92
iot-0-629,10000,2421318.36,242.13,345.90
iot-0-630,10000,2421470.94,242.15,345.92
iot-0-631,10000,2421393.95,242.14,345.91
iot-0-632,10000,2421432.45,242.14,345.92
iot-0-633,10000,2421392.61,242.14,345.91
iot-0-634,10000,2421477.84,242.15,345.92
iot-0-635,10000,2421468.36,242.15,345.92
iot-0-636,10000,2421382.66,242.14,345.91
iot-0-637,10000,2421462.04,242.15,345.92
iot-0-638,10000,2421360.43,242.14,345.91
iot-0-639,10000,2421431.88,242.14,345.92
iot-0-640,10000,2421383.41,242.14,345.91
iot-0-641,10000,2421445.67,242.14,345.92
iot-0-642,10000,2421354.84,242.14,345.91
iot-0-643,10000,2421427.43,242.14,345.92
iot-0-644,10000,2421352.61,242.14,345.91
iot-0-645,10000,2421387.76,242.14,345.91
iot-0-646,10000,2421392.08,242.14,345.91
iot-0-647,10000,2421390.61,242.14,345.91
iot-0-648,10000,2421492.77,242.15,345.93
iot-0-649,10000,2421502.68,242.15,345.93
iot-0-650,10000,2421436.04,242.14,345.92
iot-0-651,10000,2421496.79,242.15,345.93
iot-0-652,10000,2421484.44,242.15,345.93
iot-0-653,10000,2421491.48,242.15,345.93
iot-0-654,10000,2421394.72,242.14,345.91
iot-0-655,10000,2421487.17,242.15,345.93
iot-0-656,10000,2421342.64,242.13,345.91
iot-0-657,10000,2421452.56,242.15,345.92
iot-0-658,10000,2421407.32,242.14,345.91
iot-0-659,10000,2421490.90,242.15,345.93
iot-0-660,10000,2421487.46,242.15,345.93
iot-0-661,10000,2421424.12,242.14,345.92
iot-0-662,10000,2421391.93,242.14,345.91
iot-0-663,10000,2421414.71,242.14,345.92
iot-0-664,10000,2421387.47,242.14,345.91
iot-0-665,10000,2421448.68,242.14,345.92
iot-0-666,10000,2421398.89,242.14,345.91
iot-0-667,10000,2421422.26,242.14,345.92
iot-0-668,10000,2421474.53,242.15,345.92
iot-0-669,10000,2421437.48,242.14,345.92
iot-0-670,10000,2421460.60,242.15,345.92
iot-0-671,10000,2421435.18,242.14,345.92
iot-0-672,10000,2421425.70,242.14,345.92
iot-0-673,10000,2421437.91,242.14,345.92
iot-0-674,10000,2421369.86,242.14,345.91
iot-0-675,10000,2421420.82,242.14,345.92
iot-0-676,10000,2421361.10,242.14,345.91
iot-0-677,10000,2421477.98,242.15,345.92
iot-0-678,10000,2421462.90,242.15,345.92
iot-0-679,10000,2421497.22,242.15,345.93
iot-0-680,10000,2421368.43,242.14,345.91
iot-0-681,10000,2421418.74,242.14,345.92
iot-0-682,10000,2421359.79,242.14,345.91
iot-0-683,10000,2421445.81,242.14,345.92
iot-0-684,10000,2421487.75,242.15,345.93
iot-0-685,10000,2421347.62,242.13,345.91
iot-0-686,10000,2421455.86,242.15,345.92
iot-0-687,10000,2421476.97,242.15,345.92
iot-0-688,10000,2421457.59,242.15,345.92
iot-0-689,10000,2421502.11,242.15,345.93
iot-0-690,10000,2421462.18,242.15,345.92
iot-0-691,10000,2421373.57,242.14,345.91
iot-0-692,10000,2421486.02,242.15,345.93
iot-0-693,10000,2421423.12,242.14,345.92
iot-0-694,10000,2421404.86,242.14,345.91
iot-0-695,10000,2421464.77,242.15,345.92
iot-0-696,10000,2421498.37,242.15,345.93
iot-0-697,10000,2421355.99,242.14,345.91
iot-0-698,10000,2421394.58,242.14,345.91
iot-0-699,10000,2421312.17,242.13,345.90
iot-0-700,10000,2421401.29,242.14,345.91
iot-0-701,10000,2421384.45,242.14,345.91
iot-0-702,10000,2421504.40,242.15,345.93
iot-0-703,10000,2421441.07,242.14,345.92
iot-0-704,10000,2421495.50,242.15,345.93
iot-0-705,10000,2421419.81,242.14,345.92
iot-0-706,10000,2421481.86,242.15,345.92
iot-0-707,10000,2421460.89,242.15,345.92
iot-0-708,10000,2421444.09,242.14,345.92
iot-0-709,10000,2421368.22,242.14,345.91
iot-0-710,10000,2421409.21,242.14,345.91
iot-0-711,10000,2421468.21,242.15,345.92
iot-0-712,10000,2421501.96,242.15,345.93
iot-0-713,10000,2421351.38,242.14,345.91
iot-0-714,10000,2421438.20,242.14,345.92
iot-0-715,10000,2421475.68,242.15,345.92
iot-0-716,10000,2421405.00,242.14,345.91
iot-0-717,10000,2421479.99,242.15,345.92
iot-0-718,10000,2421432.02,242.14,345.92
iot-0-719,10000,2421406.58,242.14,345.91
iot-0-720,10000,2421423.40,242.14,345.92
iot-0-721,10000,2421442.79,242.14,345.92
iot-0-722,10000,2421399.61,242.14,345.91
iot-0-723,10000,2421463.76,242.15,345.92
iot-0-724,10000,2421396.43,242.14,345.91
iot-0-725,10000,2421400.33,242.14,345.91
iot-0-726,10000,2421449.83,242.14,345.92
iot-0-727,10000,2421392.26,242.14,345.91
iot-0-728,10000,2421395.07,242.14,345.91
iot-0-729,10000,2421485.30,242.15,345.93
iot-0-730,10000,2421416.87,242.14,345.92
iot-0-731,10000,2421422.69,242.14,345.92
iot-0-732,10000,2421341.52,242.13,345.90
iot-0-733,10000,2421413.42,242.14,345.92
iot-0-734,10000,2421455.72,242.15,345.92
iot-0-735,10000,2421401.58,242.14,345.91
iot-0-736,10000,2421430.30,242.14,345.92
iot-0-737,10000,2421382.52,242.14,345.91
iot-0-738,10000,2421346.37,242.13,345.91
iot-0-739,10000,2421457.87,242.15,345.92
iot-0-740,10000,2421489.76,242.15,345.93
iot-0-741,10000,2421417.44,242.14,345.92
iot-0-742,10000,2421355.84,242.14,345.91
iot-0-743,10000,2421426.99,242.14,345.92
iot-0-744,10000,2421464.91,242.15,345.92
iot-0-745,10000,2421394.10,242.14,345.91
iot-0-746,10000,2421351.58,242.14,345.91
iot-0-747,10000,2421497.65,242.15,345.93
iot-0-748,10000,2421402.48,242.14,345.91
iot-0-749,10000,2421481.45,242.15,345.92
iot-0-750,10000,2421473.67,242.15,345.92
iot-0-751,10000,2421468.93,242.15,345.92
iot-0-752,10000,2421404.72,242.14,345.91
iot-0-753,10000,2421313.62,242.13,345.90
iot-0-754,10000,2421467.64,242.15,345.92
iot-0-755,10000,2421473.24,242.15,345.92
iot-0-756,10000,2421382.97,242.14,345.91
iot-0-757,10000,2421457.30,242.15,345.92
iot-0-758,10000,2421471.52,242.15,345.92
iot-0-759,10000,2421490.76,242.15,345.93
iot-0-760,10000,2421495.93,242.15,345.93
iot-0-761,10000,2421325.23,242.13,345.90
iot-0-762,10000,2421384.85,242.14,345.91
iot-0-763,10000,2421375.35,242.14,345.91
iot-0-764,10000,2421483.87,242.15,345.93
iot-0-765,10000,2421383.87,242.14,345.91
iot-0-766,10000,2421458.88,242.15,345.92
iot-0-767,10000,2421480.71,242.15,345.92
iot-0-768,10000,2421497.94,242.15,345.93
iot-0-769,10000,2421435.04,242.14,345.92
iot-0-770,10000,2421364.65,242.14,345.91
iot-0-771,10000,2421337.01,242.13,345.90
iot-0-772,10000,2421441.64,242.14,345.92
iot-0-773,10000,2421489.32,242.15,345.93
iot-0-774,10000,2421450.69,242.15,345.92
iot-0-775,10000,2421330.42,242.13,345.90
iot-0-776,10000,2421388.55,242.14,345.91
iot-0-777,10000,2421364.79,242.14,345.91
iot-0-778,10000,2421486.31,242.15,345.93
iot-0-779,10000,2421357.00,242.14,345.91
iot-0-780,10000,2421414.28,242.14,345.92
iot-0-781,10000,2421423.98,242.14,345.92
iot-0-782,10000,2421479.56,242.15,345.92
iot-0-783,10000,2421326.51,242.13,345.90
iot-0-784,10000,2421449.11,242.14,345.92
iot-0-785,10000,2421374.62,242.14,345.91
iot-0-786,10000,2421396.68,242.14,345.91
iot-0-787,10000,2421445.52,242.14,345.92
iot-0-788,10000,2421408.92,242.14,345.91
iot-0-789,10000,2421485.02,242.15,345.93
iot-0-790,10000,2421455.57,242.15,345.92
iot-0-791,10000,2421436.62,242.14,345.92
iot-0-792,10000,2421494.93,242.15,345.93
iot-0-793,10000,2421344.95,242.13,345.91
iot-0-794,10000,2421350.35,242.14,345.91
iot-0-795,10000,2421373.87,242.14,345.91
iot-0-796,10000,2421359.65,242.14,345.91
iot-0-797,10000,2421447.82,242.14,345.92
iot-0-798,10000,2421480.28,242.15,345.92
iot-0-799,10000,2421475.39,242.15,345.92
iot-0-800,10000,2421462.47,242.15,345.92
iot-0-801,10000,2421363.33,242.14,345.91
iot-0-802,10000,2421429.87,242.14,345.92
iot-0-803,10000,2421468.07,242.15,345.92
iot-0-804,10000,2421432.31,242.14,345.92
iot-0-805,10000,2421380.49,242.14,345.91
iot-0-806,10000,2421474.68,242.15,345.92
iot-0-807,10000,2421377.22,242.14,345.91
iot-0-808,10000,2421384.30,242.14,345.91
iot-0-809,10000,2421368.57,242.14,345.91
iot-0-810,10000,2421379.29,242.14,345.91
iot-0-811,10000,2421394.87,242.14,345.91
iot-0-812,10000,2421427.71,242.14,345.92
iot-0-813,10000,2421452.27,242.15,345.92
iot-0-814,10000,2421429.01,242.14,345.92
iot-0-815,10000,2421410.94,242.14,345.91
iot-0-816,10000,2421414.57,242.14,345.92
iot-0-817,10000,2421473.25,242.15,345.92
iot-0-818,10000,2421346.06,242.13,345.91
iot-0-819,10000,2421445.23,242.14,345.92
iot-0-820,10000,2421421.68,242.14,345.92
iot-0-821,10000,2421448.39,242.14,345.92
iot-0-822,10000,2421407.31,242.14,345.91
iot-0-823,10000,2421438.77,242.14,345.92
iot-0-824,10000,2421502.39,242.15,345.93
iot-0-825,10000,2421454.14,242.15,345.92
iot-0-826,10000,2421454.86,242.15,345.92
iot-0-827,10000,2421379.12,242.14,345.91
iot-0-828,10000,2421485.73,242.15,345.93
iot-0-829,10000,2421455.43,242.15,345.92
iot-0-830,10000,2421491.05,242.15,345.93
iot-0-831,10000,2421458.73,242.15,345.92
iot-0-832,10000,2421479.85,242.15,345.92
iot-0-833,10000,2421393.81,242.14,345.91
iot-0-834,10000,2421342.32,242.13,345.90
iot-0-835,10000,2421466.49,242.15,345.92
iot-0-836,10000,2421489.04,242.15,345.93
iot-0-837,10000,2421415.29,242.14,345.92
iot-0-838,10000,2421454.71,242.15,345.92
iot-0-839,10000,2421480.42,242.15,345.92
iot-0-840,10000,2421389.60,242.14,345.91
iot-0-841,10000,2421380.78,242.14,345.91
iot-0-842,10000,2421327.28,242.13,345.90
iot-0-843,10000,2421403.92,242.14,345.91
iot-0-844,10000,2421482.72,242.15,345.93
iot-0-845,10000,2421387.19,242.14,345.91
iot-0-846,10000,2421385.61,242.14,345.91
iot-0-847,10000,2421432.18,242.14,345.92
iot-0-848,10000,2421320.71,242.13,345.90
iot-0-849,10000,2421493.78,242.15,345.93
iot-0-850,10000,2421395.36,242.14,345.91
iot-0-851,10000,2421411.23,242.14,345.91
iot-0-852,10000,2421487.03,242.15,345.93
iot-0-853,10000,2421487.31,242.15,345.93
iot-0-854,10000,2421374.37,242.14,345.91
iot-0-855,10000,2421421.82,242.14,345.92
iot-0-856,10000,2421503.69,242.15,345.93
iot-0-857,10000,2421395.22,242.14,345.91
iot-0-858,10000,2421450.84,242.15,345.92
iot-0-859,10000,2421406.73,242.14,345.91
iot-0-860,10000,2421437.19,242.14,345.92
iot-0-861,10000,2421433.03,242.14,345.92
iot-0-862,10000,2421411.66,242.14,345.91
iot-0-863,10000,2421465.48,242.15,345.92
iot-0-864,10000,2421436.76,242.14,345.92
iot-0-865,10000,2421453.85,242.15,345.92
iot-0-866,10000,2421446.81,242.14,345.92
iot-0-867,10000,2421446.38,242.14,345.92
iot-0-868,10000,2421328.22,242.13,345.90
iot-0-869,10000,2421355.13,242.14,345.91
iot-0-870,10000,2421464.05,242.15,345.92
iot-0-871,10000,2421481.43,242.15,345.92
iot-0-872,10000,2421411.09,242.14,345.91
iot-0-873,10000,2421446.53,242.14,345.92
iot-0-874,10000,2421488.32,242.15,345.93
iot-0-875,10000,2421408.78,242.14,345.91
iot-0-876,10000,2421447.24,242.14,345.92
iot-0-877,10000,2421471.95,242.15,345.92
iot-0-878,10000,2421411.37,242.14,345.91
iot-0-879,10000,2421358.06,242.14,345.91
iot-0-880,10000,2421355.41,242.14,345.91
iot-0-881,10000,2421345.78,242.13,345.91
iot-0-882,10000,2421476.69,242.15,345.92
iot-0-883,10000,2421445.95,242.14,345.92
iot-0-884,10000,2421404.57,242.14,345.91
iot-0-885,10000,2421407.75,242.14,345.91
iot-0-886,10000,2421426.42,242.14,345.92
iot-0-887,10000,2421502.82,242.15,345.93
iot-0-888,10000,2421401.44,242.14,345.91
iot-0-889,10000,2421408.18,242.14,345.91
iot-0-890,10000,2421347.30,242.13,345.91
iot-0-891,10000,2421402.34,242.14,345.91
iot-0-892,10000,2421343.97,242.13,345.91
iot-0-893,10000,2421420.96,242.14,345.92
iot-0-894,10000,2421451.70,242.15,345.92
iot-0-895,10000,2421494.21,242.15,345.93
iot-0-896,10000,2421407.89,242.14,345.91
iot-0-897,10000,2421354.25,242.14,345.91
iot-0-898,10000,2421439.06,242.14,345.92
iot-0-899,10000,2421467.93,242.15,345.92
iot-0-900,10000,2421441.50,242.14,345.92
iot-0-901,10000,2421465.20,242.15,345.92
iot-0-902,10000,2421425.13,242.14,345.92
iot-0-903,10000,2421473.10,242.15,345.92
iot-0-904,10000,2421434.32,242.14,345.92
iot-0-905,10000,2421386.90,242.14,345.91
iot-0-906,10000,2421359.16,242.14,345.91
iot-0-907,10000,2421386.76,242.14,345.91
iot-0-908,10000,2421477.40,242.15,345.92
iot-0-909,10000,2421472.52,242.15,345.92
iot-0-910,10000,2421463.62,242.15,345.92
iot-0-911,10000,2421499.95,242.15,345.93
iot-0-912,10000,2421399.75,242.14,345.91
iot-0-913,10000,2421398.00,242.14,345.91
iot-0-914,10000,2421397.28,242.14,345.91
iot-0-915,10000,2421502.54,242.15,345.93
iot-0-916,10000,2421429.58,242.14,345.92
iot-0-917,10000,2421369.57,242.14,345.91
iot-0-918,10000,2421478.71,242.15,345.92
iot-0-919,10000,2421381.81,242.14,345.91
iot-0-920,10000,2421417.01,242.14,345.92
iot-0-921,10000,2421473.53,242.15,345.92
iot-0-922,10000,2421436.47,242.14,345.92
iot-0-923,10000,2421363.69,242.14,345.91
iot-0-924,10000,2421452.13,242.15,345.92
iot-0-925,10000,2421478.41,242.15,345.92
iot-0-926,10000,2421484.59,242.15,345.93
iot-0-927,10000,2421357.14,242.14,345.91
iot-0-928,10000,2421496.36,242.15,345.93
iot-0-929,10000,2421436.33,242.14,345.92
iot-0-930,10000,2421461.89,242.15,345.92
iot-0-931,10000,2421472.38,242.15,345.92
iot-0-932,10000,2421475.54,242.15,345.92
iot-0-933,10000,2421432.60,242.14,345.92
iot-0-934,10000,2421501.12,242.15,345.93
iot-0-935,10000,2421343.01,242.13,345.91
iot-0-936,10000,2421430.44,242.14,345.92
iot-0-937,10000,2421434.89,242.14,345.92
iot-0-938,10000,2421424.70,242.14,345.92
iot-0-939,10000,2421416.58,242.14,345.92
iot-0-940,10000,2421418.88,242.14,345.92
iot-0-941,10000,2421423.55,242.14,345.92
iot-0-942,10000,2421440.21,242.14,345.92
iot-0-943,10000,2421383.12,242.14,345.91
iot-0-944,10000,2421456.58,242.15,345.92
iot-0-945,10000,2421491.91,242.15,345.93
iot-0-946,10000,2421441.21,242.14,345.92
iot-0-947,10000,2421400.64,242.14,345.91
iot-0-948,10000,2421493.49,242.15,345.93
iot-0-949,10000,2421466.20,242.15,345.92
iot-0-950,10000,2421406.44,242.14,345.91
iot-0-951,10000,2421404.28,242.14,345.91
iot-0-952,10000,2421348.66,242.13,345.91
iot-0-953,10000,2421477.12,242.15,345.92
iot-0-954,10000,2421425.27,242.14,345.92
iot-0-955,10000,2421343.54,242.13,345.91
iot-0-956,10000,2421504.12,242.15,345.93
iot-0-957,10000,2421388.41,242.14,345.91
iot-0-958,10000,2421413.57,242.14,345.92
iot-0-959,10000,2421419.67,242.14,345.92
iot-0-960,10000,2421467.78,242.15,345.92
iot-0-961,10000,2421319.05,242.13,345.90
iot-0-962,10000,2421458.16,242.15,345.92
iot-0-963,10000,2421433.46,242.14,345.92
iot-0-964,10000,2421370.70,242.14,345.91
iot-0-965,10000,2421415.58,242.14,345.92
iot-0-966,10000,2421373.28,242.14,345.91
iot-0-967,10000,2421412.83,242.14,345.92
iot-0-968,10000,2421460.31,242.15,345.92
iot-0-969,10000,2421450.40,242.15,345.92
iot-0-970,10000,2421363.84,242.14,345.91
iot-0-971,10000,2421485.16,242.15,345.93
iot-0-972,10000,2421401.07,242.14,345.91
iot-0-973,10000,2421417.30,242.14,345.92
iot-0-974,10000,2421453.28,242.15,345.92
iot-0-975,10000,2421439.20,242.14,345.92
iot-0-976,10000,2421437.77,242.14,345.92
iot-0-977,10000,2421450.12,242.15,345.92
iot-0-978,10000,2421489.47,242.15,345.93
iot-0-979,10000,2421409.68,242.14,345.91
iot-0-980,10000,2421322.07,242.13,345.90
iot-0-981,10000,2421493.92,242.15,345.93
iot-0-982,10000,2421492.20,242.15,345.93
iot-0-983,10000,2421477.55,242.15,345.92
iot-0-984,10000,2421459.45,242.15,345.92
iot-0-985,10000,2421431.45,242.14,345.92
iot-0-986,10000,2421493.06,242.15,345.93
iot-0-987,10000,2421337.45,242.13,345.90
iot-0-988,10000,2421427.57,242.14,345.92
iot-0-989,10000,2421500.24,242.15,345.93
iot-0-990,10000,2421377.79,242.14,345.91
iot-0-991,10000,2421448.97,242.14,345.92
iot-0-992,10000,2421363.19,242.14,345.91
iot-0-993,10000,2421379.63,242.14,345.91
iot-0-994,10000,2421399.04,242.14,345.91
iot-0-995,10000,2421414.43,242.14,345.92
iot-0-996,10000,2421341.38,242.13,345.90
iot-0-997,10000,2421449.26,242.14,345.92
iot-0-998,10000,2421494.50,242.15,345.93
iot-0-999,10000,2421461.75,242.15,345.92



Network Bandwidth usage:, 3.25701 %
Simulation time:, 40 days, 0 hours, 58 min, 17 seconds
Execution time:, 0 days, 8 hours, 7 min, 14 seconds
